ncalls,tottime,percall,cumtime,percall,filename:lineno(function)
1,0.000,0.000,165.814,165.814,/home/harry/.local/lib/python3.6/site-packages/rl_agents/trainer/evaluation.py:105(train)
1,0.017,0.017,165.687,165.687,/home/harry/.local/lib/python3.6/site-packages/rl_agents/trainer/evaluation.py:129(run_episodes)
4000,0.025,0.000,159.392,0.040,/home/harry/.local/lib/python3.6/site-packages/rl_agents/trainer/evaluation.py:152(step)
4000,0.014,0.000,159.358,0.040,/home/harry/.local/lib/python3.6/site-packages/gym/wrappers/monitor.py:29(step)
4000,0.036,0.000,159.258,0.040,/home/harry/.local/lib/python3.6/site-packages/highway_env/envs/common/abstract.py:197(step)
12600,0.635,0.000,82.177,0.007,/home/harry/.local/lib/python3.6/site-packages/highway_env/envs/common/observation.py:318(observe)
4000,0.266,0.000,81.375,0.020,/home/harry/.local/lib/python3.6/site-packages/highway_env/envs/common/abstract.py:220(_simulate)
60000,0.233,0.000,80.713,0.001,/home/harry/.local/lib/python3.6/site-packages/highway_env/road/road.py:293(step)
60000,1.628,0.000,78.612,0.001,/home/harry/.local/lib/python3.6/site-packages/highway_env/vehicle/kinematics.py:121(step)
60000,0.374,0.000,76.705,0.001,/home/harry/.local/lib/python3.6/site-packages/highway_env/vehicle/kinematics.py:156(on_state_update)
120400,5.317,0.000,75.774,0.001,/home/harry/.local/lib/python3.6/site-packages/highway_env/road/road.py:49(get_closest_lane_index)
3612000,24.070,0.000,67.284,0.000,/home/harry/.local/lib/python3.6/site-packages/highway_env/road/lane.py:102(distance_with_heading)
25200,0.174,0.000,50.251,0.002,/home/harry/.local/lib/python3.6/site-packages/pandas/core/frame.py:1660(from_records)
60200,0.198,0.000,38.362,0.001,/home/harry/.local/lib/python3.6/site-packages/highway_env/vehicle/kinematics.py:32(__init__)
60400,0.374,0.000,38.333,0.001,/home/harry/.local/lib/python3.6/site-packages/highway_env/vehicle/objects.py:23(__init__)
60000,0.080,0.000,38.246,0.001,/home/harry/.local/lib/python3.6/site-packages/highway_env/vehicle/kinematics.py:99(create_from)
25200,0.085,0.000,32.347,0.001,/home/harry/.local/lib/python3.6/site-packages/pandas/core/internals/construction.py:60(arrays_to_mgr)
3612000,12.973,0.000,32.163,0.000,/home/harry/.local/lib/python3.6/site-packages/highway_env/road/lane.py:164(local_coordinates)
25200,0.274,0.000,28.962,0.001,/home/harry/.local/lib/python3.6/site-packages/pandas/core/frame.py:2869(__getitem__)
4000,0.024,0.000,25.821,0.006,/home/harry/.local/lib/python3.6/site-packages/highway_env/envs/parking_env.py:121(_is_terminal)
4000,0.014,0.000,25.776,0.006,/home/harry/.local/lib/python3.6/site-packages/highway_env/envs/parking_env.py:112(_reward)
7302000,6.085,0.000,19.457,0.000,<__array_function__ internals>:2(dot)
25200,0.133,0.000,19.157,0.001,/home/harry/.local/lib/python3.6/site-packages/pandas/core/internals/managers.py:1684(create_block_manager_from_arrays)
277200,0.333,0.000,19.002,0.000,/home/harry/.local/lib/python3.6/site-packages/pandas/core/indexes/base.py:5562(ensure_index)
25200,1.219,0.000,18.203,0.001,/home/harry/.local/lib/python3.6/site-packages/pandas/core/internals/managers.py:1724(form_blocks)
151200/75600,2.508,0.000,17.693,0.000,/home/harry/.local/lib/python3.6/site-packages/pandas/core/indexes/base.py:293(__new__)
7822400/7747200,13.148,0.000,17.392,0.000,{built-in method numpy.core._multiarray_umath.implement_array_function}
25200,0.216,0.000,16.575,0.001,/home/harry/.local/lib/python3.6/site-packages/pandas/core/indexing.py:1208(_get_listlike_indexer)
19661554/19661338,7.564,0.000,16.184,0.000,{built-in method builtins.isinstance}
289800,1.401,0.000,12.628,0.000,/home/harry/.local/lib/python3.6/site-packages/pandas/core/internals/blocks.py:2677(get_block_type)
25200,0.087,0.000,11.417,0.000,/home/harry/.local/lib/python3.6/site-packages/pandas/core/generic.py:3355(_take_with_is_copy)
1890000,1.665,0.000,10.907,0.000,/home/harry/.local/lib/python3.6/site-packages/pandas/core/dtypes/base.py:256(is_dtype)
25200,0.431,0.000,10.625,0.000,/home/harry/.local/lib/python3.6/site-packages/pandas/core/internals/construction.py:329(_homogenize)
25200,0.186,0.000,10.608,0.000,/home/harry/.local/lib/python3.6/site-packages/pandas/core/generic.py:3256(take)
25200,0.077,0.000,10.597,0.000,/home/harry/.local/lib/python3.6/site-packages/pandas/core/internals/construction.py:498(to_arrays)
25200,0.467,0.000,10.374,0.000,/home/harry/.local/lib/python3.6/site-packages/pandas/core/internals/construction.py:609(_list_of_dict_to_arrays)
25200,0.298,0.000,10.022,0.000,/home/harry/.local/lib/python3.6/site-packages/pandas/core/internals/managers.py:1436(take)
239400,1.178,0.000,9.674,0.000,/home/harry/.local/lib/python3.6/site-packages/pandas/core/construction.py:390(sanitize_array)
25200,0.030,0.000,9.464,0.000,/home/harry/.local/lib/python3.6/site-packages/pandas/core/internals/construction.py:709(_convert_object_array)
25200,0.131,0.000,9.434,0.000,/home/harry/.local/lib/python3.6/site-packages/pandas/core/internals/construction.py:732(<listcomp>)
239400,0.517,0.000,9.303,0.000,/home/harry/.local/lib/python3.6/site-packages/pandas/core/internals/construction.py:726(convert)
25200,0.132,0.000,8.542,0.000,/home/harry/.local/lib/python3.6/site-packages/pandas/core/internals/managers.py:1247(reindex_indexer)
50400,0.302,0.000,8.307,0.000,/home/harry/.local/lib/python3.6/site-packages/pandas/core/indexes/base.py:2960(get_indexer)
8416800,3.374,0.000,8.254,0.000,/home/harry/.local/lib/python3.6/site-packages/pandas/core/dtypes/generic.py:10(_check)
25200,0.524,0.000,8.196,0.000,/home/harry/.local/lib/python3.6/site-packages/pandas/core/internals/managers.py:1309(_slice_take_blocks_ax0)
13177079,7.630,0.000,7.630,0.000,{built-in method builtins.getattr}
25200,0.151,0.000,7.600,0.000,/home/harry/.local/lib/python3.6/site-packages/pandas/core/indexes/base.py:3294(reindex)
25200,0.048,0.000,7.401,0.000,/home/harry/.local/lib/python3.6/site-packages/pandas/core/indexes/base.py:4703(get_indexer_for)
239400,4.388,0.000,6.353,0.000,{pandas._libs.lib.maybe_convert_objects}
50400,0.288,0.000,5.685,0.000,/home/harry/.local/lib/python3.6/site-packages/pandas/core/internals/managers.py:1836(_multi_blockify)
75600,0.630,0.000,5.604,0.000,/home/harry/.local/lib/python3.6/site-packages/pandas/core/algorithms.py:1640(take_nd)
200,0.001,0.000,5.584,0.028,/home/harry/.local/lib/python3.6/site-packages/rl_agents/trainer/evaluation.py:361(reset)
200,0.001,0.000,5.583,0.028,/home/harry/.local/lib/python3.6/site-packages/gym/wrappers/monitor.py:36(reset)
200,0.002,0.000,5.570,0.028,/home/harry/.local/lib/python3.6/site-packages/highway_env/envs/common/abstract.py:175(reset)
1524600,1.784,0.000,5.248,0.000,/home/harry/.local/lib/python3.6/site-packages/pandas/core/dtypes/common.py:1460(is_extension_array_dtype)
3612000,4.946,0.000,4.946,0.000,/home/harry/.local/lib/python3.6/site-packages/highway_env/utils.py:39(wrap_to_pi)
7249200,4.866,0.000,4.866,0.000,{built-in method builtins.max}
592200,0.529,0.000,4.423,0.000,/home/harry/.local/lib/python3.6/site-packages/pandas/core/dtypes/common.py:492(is_interval_dtype)
592200,0.537,0.000,4.406,0.000,/home/harry/.local/lib/python3.6/site-packages/pandas/core/dtypes/common.py:456(is_period_dtype)
239400,0.307,0.000,4.301,0.000,/home/harry/.local/lib/python3.6/site-packages/pandas/core/construction.py:520(_try_cast)
1675000/1624600,3.537,0.000,4.244,0.000,{built-in method numpy.array}
567000,1.525,0.000,4.200,0.000,/home/harry/.local/lib/python3.6/site-packages/numpy/core/_dtype.py:321(_name_get)
516600,0.711,0.000,3.765,0.000,/home/harry/.local/lib/python3.6/site-packages/pandas/core/dtypes/dtypes.py:1119(is_dtype)
516600,0.685,0.000,3.736,0.000,/home/harry/.local/lib/python3.6/site-packages/pandas/core/dtypes/dtypes.py:906(is_dtype)
592200,0.529,0.000,3.691,0.000,/home/harry/.local/lib/python3.6/site-packages/pandas/core/dtypes/common.py:530(is_categorical_dtype)
50400,0.153,0.000,3.537,0.000,/home/harry/.local/lib/python3.6/site-packages/pandas/core/internals/blocks.py:2723(make_block)
400,0.006,0.000,3.479,0.009,/home/harry/.local/lib/python3.6/site-packages/highway_env/envs/common/abstract.py:120(define_spaces)
400,0.007,0.000,3.383,0.008,/home/harry/.local/lib/python3.6/site-packages/highway_env/envs/common/observation.py:307(space)
264600,1.164,0.000,3.113,0.000,/home/harry/.local/lib/python3.6/site-packages/pandas/core/dtypes/cast.py:1310(maybe_cast_to_datetime)
239400,0.819,0.000,3.031,0.000,/home/harry/.local/lib/python3.6/site-packages/pandas/core/dtypes/cast.py:1187(maybe_castable)
968000,0.421,0.000,2.492,0.000,/home/harry/.local/lib/python3.6/site-packages/numpy/core/_asarray.py:14(asarray)
25200,0.546,0.000,2.445,0.000,/home/harry/.local/lib/python3.6/site-packages/pandas/core/internals/construction.py:360(extract_index)
340200,0.307,0.000,2.329,0.000,/home/harry/.local/lib/python3.6/site-packages/pandas/core/dtypes/common.py:381(is_datetime64tz_dtype)
120400,0.114,0.000,2.250,0.000,<__array_function__ internals>:2(argmin)
1255412,0.924,0.000,2.226,0.000,<frozen importlib._bootstrap>:997(_handle_fromlist)
1524600,1.527,0.000,2.215,0.000,/home/harry/.local/lib/python3.6/site-packages/pandas/core/dtypes/base.py:413(find)
567000,0.513,0.000,2.134,0.000,/home/harry/.local/lib/python3.6/site-packages/numpy/core/_dtype.py:307(_name_includes_bit_suffix)
124800,0.233,0.000,2.097,0.000,/home/harry/.local/lib/python3.6/site-packages/numpy/core/fromnumeric.py:52(_wrapfunc)
120400,0.141,0.000,2.009,0.000,/home/harry/.local/lib/python3.6/site-packages/numpy/core/fromnumeric.py:1195(argmin)
243400,0.568,0.000,1.995,0.000,/home/harry/.local/lib/python3.6/site-packages/numpy/core/numeric.py:268(full)
75600,0.489,0.000,1.958,0.000,/home/harry/.local/lib/python3.6/site-packages/pandas/core/algorithms.py:1511(_get_take_nd_function)
1197000,1.088,0.000,1.948,0.000,/home/harry/.local/lib/python3.6/site-packages/pandas/core/dtypes/common.py:1600(_is_dtype_type)
60000,0.119,0.000,1.868,0.000,/home/harry/.local/lib/python3.6/site-packages/highway_env/vehicle/kinematics.py:163(check_collision)
50400,0.671,0.000,1.802,0.000,/home/harry/.local/lib/python3.6/site-packages/pandas/core/internals/managers.py:1852(_stack_arrays)
50400,0.375,0.000,1.798,0.000,/home/harry/.local/lib/python3.6/site-packages/pandas/core/dtypes/cast.py:442(maybe_promote)
124400,0.350,0.000,1.738,0.000,/home/harry/.local/lib/python3.6/site-packages/numpy/core/fromnumeric.py:39(_wrapit)
396600,0.579,0.000,1.650,0.000,/home/harry/.local/lib/python3.6/site-packages/numpy/core/numerictypes.py:360(issubdtype)
25200,0.129,0.000,1.631,0.000,/home/harry/.local/lib/python3.6/site-packages/pandas/core/internals/blocks.py:1238(take_nd)
491400,0.588,0.000,1.627,0.000,/home/harry/.local/lib/python3.6/site-packages/pandas/core/dtypes/common.py:194(is_object_dtype)
315000,0.246,0.000,1.612,0.000,/home/harry/.local/lib/python3.6/site-packages/pandas/core/construction.py:339(extract_array)
151200,1.133,0.000,1.610,0.000,{pandas._libs.lib.infer_dtype}
176400,0.532,0.000,1.562,0.000,/home/harry/.local/lib/python3.6/site-packages/pandas/core/common.py:218(asarray_tuplesafe)
151200,0.264,0.000,1.487,0.000,/home/harry/.local/lib/python3.6/site-packages/pandas/core/dtypes/common.py:1330(is_bool_dtype)
6576379/6576041,1.408,0.000,1.409,0.000,{built-in method builtins.issubclass}
2327428,1.403,0.000,1.403,0.000,{built-in method builtins.hasattr}
75600,0.199,0.000,1.317,0.000,/home/harry/.local/lib/python3.6/site-packages/pandas/core/indexes/base.py:5729(_maybe_cast_data_without_dtype)
60000,0.282,0.000,1.308,0.000,/home/harry/.local/lib/python3.6/site-packages/highway_env/vehicle/kinematics.py:195(_is_colliding)
289800,0.504,0.000,1.292,0.000,/home/harry/.local/lib/python3.6/site-packages/pandas/core/dtypes/common.py:224(is_sparse)
7302000,1.165,0.000,1.165,0.000,/home/harry/.local/lib/python3.6/site-packages/numpy/core/multiarray.py:706(dot)
75600,0.285,0.000,1.156,0.000,/home/harry/.local/lib/python3.6/site-packages/pandas/core/indexes/base.py:4199(equals)
25200,0.032,0.000,1.152,0.000,<__array_function__ internals>:2(ravel)
75600,0.230,0.000,1.146,0.000,/home/harry/.local/lib/python3.6/site-packages/pandas/core/internals/blocks.py:124(__init__)
3025842/2433642,0.850,0.000,1.121,0.000,{built-in method builtins.len}
76000,0.037,0.000,1.108,0.000,/home/harry/.local/lib/python3.6/site-packages/numpy/core/_asarray.py:86(asanyarray)
25200,0.023,0.000,1.105,0.000,/home/harry/.local/lib/python3.6/site-packages/pandas/core/internals/managers.py:163(blknos)
25200,0.436,0.000,1.083,0.000,/home/harry/.local/lib/python3.6/site-packages/pandas/core/internals/managers.py:238(_rebuild_blknos_and_blklocs)
25200,0.052,0.000,1.049,0.000,/home/harry/.local/lib/python3.6/site-packages/numpy/core/fromnumeric.py:1705(ravel)
66000,0.073,0.000,1.044,0.000,<__array_function__ internals>:2(norm)
50400,0.121,0.000,1.014,0.000,/home/harry/.local/lib/python3.6/site-packages/pandas/core/dtypes/cast.py:1201(maybe_infer_to_datetimelike)
793200,0.592,0.000,1.012,0.000,/home/harry/.local/lib/python3.6/site-packages/numpy/core/numerictypes.py:286(issubclass_)
12600,0.107,0.000,1.000,0.000,/home/harry/.local/lib/python3.6/site-packages/highway_env/vehicle/kinematics.py:223(to_dict)
8052627,0.992,0.000,0.992,0.000,{method 'append' of 'list' objects}
239400,0.248,0.000,0.890,0.000,/home/harry/.local/lib/python3.6/site-packages/pandas/core/internals/managers.py:1855(_asarray_compat)
243400,0.262,0.000,0.887,0.000,<__array_function__ internals>:2(copyto)
66000,0.452,0.000,0.879,0.000,/home/harry/.local/lib/python3.6/site-packages/numpy/linalg/linalg.py:2363(norm)
75600,0.080,0.000,0.874,0.000,/home/harry/.local/lib/python3.6/site-packages/pandas/core/indexes/base.py:2000(inferred_type)
178400,0.866,0.000,0.866,0.000,{method 'reduce' of 'numpy.ufunc' objects}
340200,0.401,0.000,0.862,0.000,{pandas._libs.lib.is_list_like}
25200,0.371,0.000,0.830,0.000,{pandas._libs.lib.clean_index_list}
485610,0.489,0.000,0.827,0.000,/usr/lib/python3.6/abc.py:180(__instancecheck__)
201600,0.238,0.000,0.825,0.000,/home/harry/.local/lib/python3.6/site-packages/pandas/core/indexes/base.py:5659(maybe_extract_name)
445000,0.782,0.000,0.782,0.000,{built-in method numpy.empty}
50400,0.163,0.000,0.766,0.000,/home/harry/.local/lib/python3.6/site-packages/pandas/core/internals/managers.py:132(__init__)
3612000,0.739,0.000,0.739,0.000,/home/harry/.local/lib/python3.6/site-packages/highway_env/road/lane.py:158(heading_at)
200,0.001,0.000,0.727,0.004,/home/harry/.local/lib/python3.6/site-packages/highway_env/envs/parking_env.py:61(_reset)
75600,0.180,0.000,0.724,0.000,/home/harry/.local/lib/python3.6/site-packages/pandas/core/internals/blocks.py:237(mgr_locs)
126000,0.277,0.000,0.713,0.000,/home/harry/.local/lib/python3.6/site-packages/pandas/core/internals/managers.py:212(shape)
25200,0.075,0.000,0.712,0.000,/home/harry/.local/lib/python3.6/site-packages/pandas/core/indexes/base.py:5653(default_index)
75600,0.110,0.000,0.696,0.000,/home/harry/.local/lib/python3.6/site-packages/pandas/core/indexes/base.py:5675(_maybe_cast_with_dtype)
239400,0.477,0.000,0.693,0.000,/home/harry/.local/lib/python3.6/site-packages/pandas/core/indexes/base.py:4086(__getitem__)
50400,0.055,0.000,0.649,0.000,/home/harry/.local/lib/python3.6/site-packages/pandas/core/indexes/base.py:1685(is_boolean)
25200,0.038,0.000,0.648,0.000,/home/harry/.local/lib/python3.6/site-packages/pandas/core/generic.py:1780(__array__)
226800,0.251,0.000,0.635,0.000,/home/harry/.local/lib/python3.6/site-packages/pandas/core/dtypes/common.py:1296(is_float_dtype)
126000,0.102,0.000,0.620,0.000,{method 'any' of 'numpy.ndarray' objects}
25200,0.132,0.000,0.594,0.000,/home/harry/.local/lib/python3.6/site-packages/pandas/core/indexes/range.py:86(__new__)
25200,0.019,0.000,0.590,0.000,/home/harry/.local/lib/python3.6/site-packages/pandas/core/generic.py:5347(_values)
25200,0.051,0.000,0.572,0.000,/home/harry/.local/lib/python3.6/site-packages/pandas/core/generic.py:5270(values)
50400,0.410,0.000,0.568,0.000,{method 'get_indexer' of 'pandas._libs.index.IndexEngine' objects}
50400,0.102,0.000,0.554,0.000,/home/harry/.local/lib/python3.6/site-packages/pandas/core/indexes/base.py:4720(_maybe_promote)
200,0.003,0.000,0.554,0.003,/home/harry/.local/lib/python3.6/site-packages/rl_agents/trainer/evaluation.py:309(after_all_episodes)
302400,0.269,0.000,0.537,0.000,/home/harry/.local/lib/python3.6/site-packages/pandas/core/dtypes/common.py:1565(_get_dtype)
3612000,0.529,0.000,0.529,0.000,{built-in method builtins.abs}
50400,0.196,0.000,0.528,0.000,/home/harry/.local/lib/python3.6/site-packages/numpy/core/_asarray.py:221(require)
126200,0.067,0.000,0.520,0.000,/home/harry/.local/lib/python3.6/site-packages/numpy/core/_methods.py:53(_any)
25200,0.258,0.000,0.515,0.000,/home/harry/.local/lib/python3.6/site-packages/pandas/core/indexers.py:210(maybe_convert_indices)
50400,0.371,0.000,0.513,0.000,/home/harry/.local/lib/python3.6/site-packages/highway_env/vehicle/objects.py:71(direction)
25200,0.166,0.000,0.510,0.000,/home/harry/.local/lib/python3.6/site-packages/pandas/core/indexing.py:1257(_validate_read_indexer)
25200,0.048,0.000,0.503,0.000,/home/harry/.local/lib/python3.6/site-packages/pandas/core/indexes/base.py:3197(_convert_listlike_indexer)
151200,0.184,0.000,0.476,0.000,/home/harry/.local/lib/python3.6/site-packages/pandas/core/dtypes/common.py:750(is_signed_integer_dtype)
25200,0.075,0.000,0.470,0.000,/home/harry/.local/lib/python3.6/site-packages/pandas/core/common.py:97(is_bool_indexer)
50400,0.048,0.000,0.466,0.000,/home/harry/.local/lib/python3.6/site-packages/pandas/core/generic.py:5210(_consolidate_inplace)
25200,0.023,0.000,0.442,0.000,/home/harry/.local/lib/python3.6/site-packages/pandas/core/indexes/base.py:3219(_convert_arr_indexer)
151200,0.175,0.000,0.438,0.000,/home/harry/.local/lib/python3.6/site-packages/pandas/core/dtypes/common.py:806(is_unsigned_integer_dtype)
378000,0.137,0.000,0.436,0.000,/home/harry/.local/lib/python3.6/site-packages/pandas/core/internals/managers.py:214(<genexpr>)
25200,0.116,0.000,0.421,0.000,/home/harry/.local/lib/python3.6/site-packages/pandas/core/internals/managers.py:324(_verify_integrity)
50400,0.082,0.000,0.418,0.000,/home/harry/.local/lib/python3.6/site-packages/pandas/core/generic.py:5199(_protect_consolidate)
50400,0.143,0.000,0.413,0.000,/home/harry/.local/lib/python3.6/site-packages/pandas/core/dtypes/cast.py:598(_ensure_dtype_type)
793800,0.269,0.000,0.410,0.000,/home/harry/.local/lib/python3.6/site-packages/pandas/core/dtypes/common.py:180(<lambda>)
302400,0.238,0.000,0.406,0.000,/home/harry/.local/lib/python3.6/site-packages/pandas/core/dtypes/common.py:422(is_timedelta64_dtype)
200,0.004,0.000,0.391,0.002,/home/harry/.local/lib/python3.6/site-packages/highway_env/envs/parking_env.py:86(_create_vehicles)
25200,0.087,0.000,0.363,0.000,/home/harry/.local/lib/python3.6/site-packages/highway_env/vehicle/kinematics.py:202(velocity)
605969,0.337,0.000,0.337,0.000,/usr/lib/python3.6/_weakrefset.py:70(__contains__)
200,0.025,0.000,0.335,0.002,/home/harry/.local/lib/python3.6/site-packages/highway_env/envs/parking_env.py:65(_create_road)
100800,0.136,0.000,0.329,0.000,/home/harry/.local/lib/python3.6/site-packages/pandas/core/dtypes/common.py:696(is_integer_dtype)
100800,0.220,0.000,0.326,0.000,/home/harry/.local/lib/python3.6/site-packages/pandas/core/indexes/base.py:463(_simple_new)
50400,0.091,0.000,0.320,0.000,/home/harry/.local/lib/python3.6/site-packages/pandas/core/generic.py:5213(f)
277200,0.218,0.000,0.314,0.000,/home/harry/.local/lib/python3.6/site-packages/pandas/core/dtypes/common.py:1733(pandas_dtype)
4000,0.030,0.000,0.305,0.000,/home/harry/.local/lib/python3.6/site-packages/highway_env/envs/common/action.py:116(act)
6000,0.124,0.000,0.302,0.000,/home/harry/.local/lib/python3.6/site-packages/highway_env/road/lane.py:125(__init__)
25200,0.088,0.000,0.293,0.000,/home/harry/.local/lib/python3.6/site-packages/highway_env/vehicle/kinematics.py:216(destination_direction)
25200,0.074,0.000,0.282,0.000,/home/harry/.local/lib/python3.6/site-packages/pandas/core/indexes/base.py:701(take)
200,0.001,0.000,0.280,0.001,/home/harry/.local/lib/python3.6/site-packages/tensorboardX/writer.py:506(add_histogram)
200,0.005,0.000,0.272,0.001,/home/harry/.local/lib/python3.6/site-packages/tensorboardX/summary.py:192(histogram)
25200,0.158,0.000,0.268,0.000,/home/harry/.local/lib/python3.6/site-packages/pandas/core/indexes/base.py:1646(is_unique)
126000,0.061,0.000,0.267,0.000,/home/harry/.local/lib/python3.6/site-packages/pandas/core/internals/managers.py:684(is_consolidated)
25400,0.026,0.000,0.264,0.000,{method 'sum' of 'numpy.ndarray' objects}
302400,0.211,0.000,0.264,0.000,/home/harry/.local/lib/python3.6/site-packages/pandas/core/dtypes/common.py:905(is_datetime64_any_dtype)
200,0.015,0.000,0.261,0.001,/home/harry/.local/lib/python3.6/site-packages/tensorboardX/summary.py:214(make_histogram)
120400,0.252,0.000,0.252,0.000,{method 'argmin' of 'numpy.ndarray' objects}
4000,0.006,0.000,0.241,0.000,<__array_function__ internals>:2(clip)
50400,0.094,0.000,0.239,0.000,/home/harry/.local/lib/python3.6/site-packages/pandas/core/frame.py:441(__init__)
25400,0.017,0.000,0.238,0.000,/home/harry/.local/lib/python3.6/site-packages/numpy/core/_methods.py:45(_sum)
25200,0.088,0.000,0.237,0.000,/home/harry/.local/lib/python3.6/site-packages/pandas/core/internals/managers.py:815(as_array)
793800,0.232,0.000,0.232,0.000,/home/harry/.local/lib/python3.6/site-packages/pandas/core/dtypes/common.py:178(classes)
4000,0.007,0.000,0.229,0.000,/home/harry/.local/lib/python3.6/site-packages/numpy/core/fromnumeric.py:2033(clip)
50400,0.229,0.000,0.229,0.000,{pandas._libs.algos.take_1d_int64_int64}
25200,0.068,0.000,0.226,0.000,/home/harry/.local/lib/python3.6/site-packages/pandas/core/indexes/range.py:134(_simple_new)
200,0.000,0.000,0.223,0.001,<__array_function__ internals>:2(histogram)
200,0.019,0.000,0.222,0.001,/home/harry/.local/lib/python3.6/site-packages/numpy/lib/histograms.py:677(histogram)
567000,0.220,0.000,0.220,0.000,/home/harry/.local/lib/python3.6/site-packages/numpy/core/_dtype.py:24(_kind_name)
403200,0.147,0.000,0.219,0.000,/home/harry/.local/lib/python3.6/site-packages/pandas/core/dtypes/common.py:188(<lambda>)
365400,0.162,0.000,0.217,0.000,/home/harry/.local/lib/python3.6/site-packages/pandas/core/indexes/range.py:687(__len__)
25400,0.025,0.000,0.214,0.000,{method 'max' of 'numpy.ndarray' objects}
391417,0.209,0.000,0.209,0.000,{method 'format' of 'str' objects}
50400,0.114,0.000,0.206,0.000,/home/harry/.local/lib/python3.6/site-packages/pandas/core/internals/managers.py:692(_consolidate_check)
25200,0.119,0.000,0.205,0.000,/home/harry/.local/lib/python3.6/site-packages/pandas/core/dtypes/cast.py:1570(construct_1d_object_array_from_listlike)
200,0.001,0.000,0.194,0.001,/usr/lib/python3.6/logging/__init__.py:1298(info)
29800,0.045,0.000,0.193,0.000,{built-in method builtins.sum}
200,0.001,0.000,0.192,0.001,/usr/lib/python3.6/logging/__init__.py:1421(_log)
79600,0.052,0.000,0.192,0.000,{built-in method builtins.all}
25400,0.016,0.000,0.189,0.000,/home/harry/.local/lib/python3.6/site-packages/numpy/core/_methods.py:37(_amax)
226800,0.126,0.000,0.186,0.000,/home/harry/.local/lib/python3.6/site-packages/pandas/core/dtypes/inference.py:322(is_hashable)
200,0.000,0.000,0.180,0.001,/usr/lib/python3.6/logging/__init__.py:1446(handle)
200,0.002,0.000,0.180,0.001,/usr/lib/python3.6/logging/__init__.py:1500(callHandlers)
12000,0.129,0.000,0.179,0.000,/home/harry/.local/lib/python3.6/site-packages/highway_env/envs/parking_env.py:98(compute_reward)
400,0.001,0.000,0.178,0.000,/usr/lib/python3.6/logging/__init__.py:852(handle)
25200,0.030,0.000,0.177,0.000,/home/harry/.local/lib/python3.6/site-packages/pandas/core/internals/managers.py:156(from_blocks)
75600,0.039,0.000,0.176,0.000,/home/harry/.local/lib/python3.6/site-packages/pandas/core/internals/managers.py:986(_consolidate_inplace)
4000,0.005,0.000,0.176,0.000,{method 'clip' of 'numpy.ndarray' objects}
400,0.002,0.000,0.175,0.000,/usr/lib/python3.6/logging/__init__.py:982(emit)
4000,0.017,0.000,0.170,0.000,/home/harry/.local/lib/python3.6/site-packages/numpy/core/_methods.py:106(_clip)
200,0.000,0.000,0.169,0.001,/home/harry/.local/lib/python3.6/site-packages/highway_env/vehicle/objects.py:137(__init__)
100800,0.123,0.000,0.167,0.000,/home/harry/.local/lib/python3.6/site-packages/pandas/core/generic.py:377(_get_axis)
50400,0.085,0.000,0.165,0.000,/home/harry/.local/lib/python3.6/site-packages/pandas/core/dtypes/missing.py:358(array_equivalent)
25200,0.048,0.000,0.165,0.000,/home/harry/.local/lib/python3.6/site-packages/pandas/core/internals/blocks.py:256(make_block_same_class)
239400,0.121,0.000,0.165,0.000,/home/harry/.local/lib/python3.6/site-packages/pandas/core/common.py:149(cast_scalar_indexer)
2000,0.042,0.000,0.162,0.000,/home/harry/.local/lib/python3.6/site-packages/gym/spaces/box.py:24(__init__)
85800,0.160,0.000,0.160,0.000,{built-in method numpy.zeros}
50400,0.030,0.000,0.160,0.000,/home/harry/.local/lib/python3.6/site-packages/pandas/core/internals/managers.py:970(consolidate)
75600,0.066,0.000,0.160,0.000,/home/harry/.local/lib/python3.6/site-packages/pandas/core/dtypes/common.py:608(is_dtype_equal)
75600,0.157,0.000,0.157,0.000,{built-in method numpy.arange}
50400,0.055,0.000,0.150,0.000,<__array_function__ internals>:2(can_cast)
12600,0.147,0.000,0.147,0.000,/home/harry/.local/lib/python3.6/site-packages/highway_env/vehicle/objects.py:51(to_dict)
50400,0.034,0.000,0.144,0.000,/home/harry/.local/lib/python3.6/site-packages/pandas/core/internals/managers.py:1861(_shape_compat)
226800,0.109,0.000,0.144,0.000,/home/harry/.local/lib/python3.6/site-packages/pandas/core/indexes/base.py:567(__len__)
25200,0.065,0.000,0.143,0.000,/home/harry/.local/lib/python3.6/site-packages/pandas/core/internals/managers.py:2024(_preprocess_slice_or_indexer)
50400,0.067,0.000,0.140,0.000,/home/harry/.local/lib/python3.6/site-packages/pandas/core/internals/managers.py:138(<listcomp>)
25200,0.081,0.000,0.132,0.000,{pandas._libs.lib.fast_unique_multiple_list_gen}
25200,0.131,0.000,0.131,0.000,{pandas._libs.lib.dicts_to_array}
25200,0.041,0.000,0.130,0.000,/home/harry/.local/lib/python3.6/site-packages/pandas/core/indexes/base.py:498(_shallow_copy)
8000,0.016,0.000,0.129,0.000,/home/harry/.local/lib/python3.6/site-packages/highway_env/envs/parking_env.py:118(_is_success)
25200,0.029,0.000,0.129,0.000,/home/harry/.local/lib/python3.6/site-packages/pandas/core/indexes/base.py:1182(name)
1,0.000,0.000,0.127,0.127,/home/harry/.local/lib/python3.6/site-packages/rl_agents/trainer/evaluation.py:365(close)
200,0.001,0.000,0.125,0.001,/home/harry/.local/lib/python3.6/site-packages/rl_agents/trainer/evaluation.py:355(seed)
1,0.000,0.000,0.125,0.125,/home/harry/.local/lib/python3.6/site-packages/gym/wrappers/monitor.py:129(close)
3,0.016,0.005,0.125,0.042,/usr/lib/python3.6/json/__init__.py:120(dump)
1,0.000,0.000,0.125,0.125,/home/harry/.local/lib/python3.6/site-packages/gym/wrappers/monitoring/stats_recorder.py:88(close)
2,0.000,0.000,0.125,0.062,/home/harry/.local/lib/python3.6/site-packages/rl_agents/trainer/monitor.py:178(flush)
200,0.001,0.000,0.124,0.001,/home/harry/.local/lib/python3.6/site-packages/rl_agents/trainer/monitor.py:40(seed)
200,0.001,0.000,0.123,0.001,/home/harry/.local/lib/python3.6/site-packages/gym/core.py:245(seed)
50400,0.123,0.000,0.123,0.000,/home/harry/.local/lib/python3.6/site-packages/pandas/core/generic.py:195(__init__)
200,0.001,0.000,0.123,0.001,/home/harry/.local/lib/python3.6/site-packages/highway_env/envs/common/abstract.py:112(seed)
200,0.040,0.000,0.122,0.001,/home/harry/.local/lib/python3.6/site-packages/gym/utils/seeding.py:10(np_random)
25200,0.067,0.000,0.119,0.000,/home/harry/.local/lib/python3.6/site-packages/pandas/core/internals/construction.py:651(_validate_or_indexify_columns)
25200,0.020,0.000,0.117,0.000,/home/harry/.local/lib/python3.6/site-packages/pandas/core/dtypes/inference.py:185(is_array_like)
403200,0.115,0.000,0.115,0.000,/home/harry/.local/lib/python3.6/site-packages/pandas/core/dtypes/common.py:183(classes_and_not_datetimelike)
91400,0.112,0.000,0.112,0.000,{method 'ravel' of 'numpy.ndarray' objects}
8000,0.040,0.000,0.111,0.000,/home/harry/.local/lib/python3.6/site-packages/numpy/core/_methods.py:72(_clip_dep_is_scalar_nan)
25200,0.053,0.000,0.106,0.000,/home/harry/.local/lib/python3.6/site-packages/pandas/core/indexes/base.py:554(_engine)
25200,0.104,0.000,0.104,0.000,{pandas._libs.algos.take_2d_axis1_float64_float64}
200,0.001,0.000,0.104,0.001,/usr/lib/python3.6/logging/__init__.py:1063(emit)
75600,0.104,0.000,0.104,0.000,/home/harry/.local/lib/python3.6/site-packages/pandas/core/generic.py:5143(__setattr__)
60000,0.103,0.000,0.103,0.000,/home/harry/.local/lib/python3.6/site-packages/highway_env/vehicle/kinematics.py:145(clip_actions)
402,0.002,0.000,0.101,0.000,/usr/lib/python3.6/logging/__init__.py:971(flush)
8400,0.009,0.000,0.101,0.000,<__array_function__ internals>:2(ndim)
50400,0.033,0.000,0.099,0.000,/home/harry/.local/lib/python3.6/site-packages/pandas/core/dtypes/missing.py:47(isna)
402,0.098,0.000,0.098,0.000,{method 'flush' of '_io.TextIOWrapper' objects}
35216,0.009,0.000,0.097,0.000,/usr/lib/python3.6/json/encoder.py:412(_iterencode)
4000,0.017,0.000,0.097,0.000,/home/harry/.local/lib/python3.6/site-packages/highway_env/envs/parking_env.py:52(_info)
25200,0.019,0.000,0.092,0.000,/home/harry/.local/lib/python3.6/site-packages/pandas/core/internals/blocks.py:213(get_values)
35408/35216,0.009,0.000,0.088,0.000,/usr/lib/python3.6/json/encoder.py:333(_iterencode_dict)
50400,0.083,0.000,0.083,0.000,/home/harry/.local/lib/python3.6/site-packages/pandas/core/generic.py:5125(__getattr__)
8400,0.020,0.000,0.083,0.000,/home/harry/.local/lib/python3.6/site-packages/numpy/core/fromnumeric.py:3075(ndim)
390600,0.082,0.000,0.082,0.000,{pandas._libs.lib.is_scalar}
25200,0.046,0.000,0.080,0.000,/home/harry/.local/lib/python3.6/site-packages/pandas/core/generic.py:3584(_set_is_copy)
4000,0.012,0.000,0.080,0.000,/home/harry/.local/lib/python3.6/site-packages/gym/wrappers/monitor.py:159(_after_step)
50400,0.056,0.000,0.079,0.000,/home/harry/.local/lib/python3.6/site-packages/pandas/core/internals/managers.py:693(<listcomp>)
85052/35052,0.049,0.000,0.079,0.000,/usr/lib/python3.6/json/encoder.py:277(_iterencode_list)
8000,0.006,0.000,0.079,0.000,/home/harry/.local/lib/python3.6/site-packages/highway_env/envs/parking_env.py:127(<genexpr>)
36013,0.077,0.000,0.077,0.000,{method 'write' of '_io.TextIOWrapper' objects}
800,0.003,0.000,0.077,0.000,/home/harry/.local/lib/python3.6/site-packages/highway_env/envs/common/action.py:108(space)
75600,0.054,0.000,0.075,0.000,/home/harry/.local/lib/python3.6/site-packages/pandas/core/indexes/base.py:520(is_)
8000,0.008,0.000,0.075,0.000,/home/harry/.local/lib/python3.6/site-packages/highway_env/envs/parking_env.py:115(<genexpr>)
200,0.003,0.000,0.074,0.000,/home/harry/.local/lib/python3.6/site-packages/numpy/lib/histograms.py:360(_get_bin_edges)
60000,0.058,0.000,0.070,0.000,/home/harry/.local/lib/python3.6/site-packages/highway_env/road/road.py:288(act)
126000,0.070,0.000,0.070,0.000,/home/harry/.local/lib/python3.6/site-packages/pandas/core/indexes/base.py:544(_reset_identity)
75600,0.046,0.000,0.069,0.000,/home/harry/.local/lib/python3.6/site-packages/pandas/core/internals/managers.py:326(<genexpr>)
25200,0.041,0.000,0.068,0.000,/home/harry/.local/lib/python3.6/site-packages/pandas/core/common.py:190(all_none)
50400,0.056,0.000,0.068,0.000,/home/harry/.local/lib/python3.6/site-packages/numpy/core/_asarray.py:298(<setcomp>)
120400,0.067,0.000,0.067,0.000,/home/harry/.local/lib/python3.6/site-packages/highway_env/road/road.py:37(get_lane)
60000,0.067,0.000,0.067,0.000,{method 'appendleft' of 'collections.deque' objects}
25200,0.024,0.000,0.067,0.000,/home/harry/.local/lib/python3.6/site-packages/pandas/core/indexes/base.py:723(_assert_take_fillable)
50400,0.039,0.000,0.066,0.000,/home/harry/.local/lib/python3.6/site-packages/pandas/core/dtypes/missing.py:130(_isna)
200,0.002,0.000,0.065,0.000,/home/harry/.local/lib/python3.6/site-packages/numpy/lib/histograms.py:454(_search_sorted_inclusive)
4000,0.040,0.000,0.063,0.000,/home/harry/.local/lib/python3.6/site-packages/rl_agents/trainer/monitor.py:153(after_step)
600,0.003,0.000,0.062,0.000,/home/harry/.local/lib/python3.6/site-packages/tensorboardX/writer.py:401(add_scalar)
277200,0.062,0.000,0.062,0.000,/home/harry/.local/lib/python3.6/site-packages/pandas/core/indexes/base.py:3873(_values)
226800,0.060,0.000,0.060,0.000,{built-in method builtins.hash}
100800,0.045,0.000,0.058,0.000,/home/harry/.local/lib/python3.6/site-packages/pandas/core/internals/managers.py:216(ndim)
25200,0.042,0.000,0.058,0.000,/home/harry/.local/lib/python3.6/site-packages/pandas/core/generic.py:5097(__finalize__)
367014,0.056,0.000,0.056,0.000,{method 'items' of 'dict' objects}
75600,0.039,0.000,0.055,0.000,/home/harry/.local/lib/python3.6/site-packages/pandas/core/indexes/base.py:3899(_get_engine_target)
289800,0.055,0.000,0.055,0.000,{pandas._libs.lib.is_float}
400,0.001,0.000,0.055,0.000,/home/harry/.local/lib/python3.6/site-packages/highway_env/envs/common/action.py:226(action_factory)
400,0.003,0.000,0.053,0.000,/home/harry/.local/lib/python3.6/site-packages/highway_env/envs/common/action.py:77(__init__)
126000,0.053,0.000,0.053,0.000,/home/harry/.local/lib/python3.6/site-packages/pandas/core/generic.py:365(_get_axis_number)
243400,0.053,0.000,0.053,0.000,/home/harry/.local/lib/python3.6/site-packages/numpy/core/multiarray.py:1043(copyto)
50400,0.047,0.000,0.052,0.000,/home/harry/.local/lib/python3.6/site-packages/pandas/core/internals/construction.py:637(<genexpr>)
50400,0.041,0.000,0.050,0.000,/home/harry/.local/lib/python3.6/site-packages/pandas/core/dtypes/common.py:150(ensure_python_int)
82609,0.050,0.000,0.050,0.000,{method 'get' of 'dict' objects}
6000,0.012,0.000,0.050,0.000,/home/harry/.local/lib/python3.6/site-packages/gym/spaces/box.py:52(_get_precision)
239400,0.050,0.000,0.050,0.000,/home/harry/.local/lib/python3.6/site-packages/pandas/core/internals/managers.py:1839(<lambda>)
54402,0.025,0.000,0.048,0.000,{built-in method builtins.any}
66000,0.032,0.000,0.048,0.000,/home/harry/.local/lib/python3.6/site-packages/numpy/linalg/linalg.py:112(isComplexType)
600,0.047,0.000,0.047,0.000,{method 'searchsorted' of 'numpy.ndarray' objects}
50400,0.031,0.000,0.045,0.000,/home/harry/.local/lib/python3.6/site-packages/pandas/core/missing.py:665(clean_reindex_fill_method)
176400,0.045,0.000,0.045,0.000,/home/harry/.local/lib/python3.6/site-packages/pandas/core/internals/blocks.py:233(mgr_locs)
25200,0.032,0.000,0.044,0.000,/home/harry/.local/lib/python3.6/site-packages/pandas/core/indexing.py:2126(convert_to_index_sliceable)
126020,0.043,0.000,0.043,0.000,{built-in method __new__ of type object at 0x9d12c0}
75600,0.043,0.000,0.043,0.000,/home/harry/.local/lib/python3.6/site-packages/pandas/core/internals/blocks.py:135(_check_ndim)
25200,0.018,0.000,0.043,0.000,/home/harry/.local/lib/python3.6/site-packages/highway_env/vehicle/kinematics.py:206(destination)
200,0.034,0.000,0.040,0.000,/usr/lib/python3.6/contextlib.py:49(inner)
25200,0.039,0.000,0.039,0.000,{method 'take' of 'numpy.ndarray' objects}
600,0.014,0.000,0.037,0.000,/home/harry/.local/lib/python3.6/site-packages/tensorboardX/summary.py:137(scalar)
100800,0.036,0.000,0.036,0.000,/home/harry/.local/lib/python3.6/site-packages/pandas/core/indexes/base.py:590(dtype)
75600,0.035,0.000,0.035,0.000,{pandas._libs.algos.ensure_int64}
75600,0.027,0.000,0.035,0.000,/home/harry/.local/lib/python3.6/site-packages/pandas/core/internals/managers.py:1689(<genexpr>)
4000,0.034,0.000,0.034,0.000,/home/harry/.local/lib/python3.6/site-packages/numpy/core/_methods.py:87(_clip_dep_invoke_with_casting)
50400,0.033,0.000,0.033,0.000,{method 'fill' of 'numpy.ndarray' objects}
100800,0.032,0.000,0.032,0.000,/home/harry/.local/lib/python3.6/site-packages/pandas/core/internals/blocks.py:315(dtype)
25200,0.021,0.000,0.032,0.000,/home/harry/.local/lib/python3.6/site-packages/highway_env/envs/common/observation.py:29(observer_vehicle)
50400,0.025,0.000,0.031,0.000,/home/harry/.local/lib/python3.6/site-packages/pandas/core/internals/managers.py:233(_is_single_block)
25200,0.021,0.000,0.031,0.000,/home/harry/.local/lib/python3.6/site-packages/pandas/core/generic.py:382(_get_block_manager_axis)
50400,0.026,0.000,0.031,0.000,/home/harry/.local/lib/python3.6/site-packages/pandas/core/internals/construction.py:638(<genexpr>)
800,0.006,0.000,0.029,0.000,/home/harry/.local/lib/python3.6/site-packages/tensorboardX/writer.py:131(add_summary)
25200,0.015,0.000,0.028,0.000,/home/harry/.local/lib/python3.6/site-packages/pandas/core/dtypes/cast.py:1595(construct_1d_ndarray_preserving_na)
50400,0.021,0.000,0.028,0.000,/home/harry/.local/lib/python3.6/site-packages/pandas/core/internals/construction.py:683(<genexpr>)
4200,0.026,0.000,0.026,0.000,{method 'astype' of 'numpy.ndarray' objects}
120400,0.025,0.000,0.025,0.000,/home/harry/.local/lib/python3.6/site-packages/numpy/core/fromnumeric.py:1191(_argmin_dispatcher)
800,0.002,0.000,0.024,0.000,/home/harry/.local/lib/python3.6/site-packages/tensorboardX/x2num.py:18(make_np)
8000,0.024,0.000,0.024,0.000,/home/harry/.local/lib/python3.6/site-packages/highway_env/utils.py:15(lmap)
400,0.001,0.000,0.023,0.000,<__array_function__ internals>:2(concatenate)
126000,0.023,0.000,0.023,0.000,{pandas._libs.lib.is_iterator}
1000,0.002,0.000,0.023,0.000,<__array_function__ internals>:2(sum)
800,0.003,0.000,0.023,0.000,/home/harry/.local/lib/python3.6/site-packages/tensorboardX/writer.py:115(add_event)
200,0.001,0.000,0.022,0.000,<__array_function__ internals>:2(sort)
100800,0.021,0.000,0.021,0.000,{pandas._libs.algos.ensure_platform_int}
200,0.001,0.000,0.021,0.000,/home/harry/.local/lib/python3.6/site-packages/numpy/core/fromnumeric.py:839(sort)
25200,0.020,0.000,0.020,0.000,{pandas._libs.internals.get_blkno_placements}
60000,0.020,0.000,0.020,0.000,/home/harry/.local/lib/python3.6/site-packages/highway_env/envs/common/abstract.py:302(_automatic_rendering)
800,0.001,0.000,0.019,0.000,/home/harry/.local/lib/python3.6/site-packages/tensorboardX/event_file_writer.py:132(add_event)
800,0.007,0.000,0.019,0.000,/home/harry/.local/lib/python3.6/site-packages/tensorboardX/x2num.py:11(check_nan)
75600,0.019,0.000,0.019,0.000,/home/harry/.local/lib/python3.6/site-packages/pandas/core/indexes/base.py:1175(name)
25200,0.019,0.000,0.019,0.000,/home/harry/.local/lib/python3.6/site-packages/pandas/core/internals/construction.py:643(<listcomp>)
1000,0.003,0.000,0.019,0.000,/home/harry/.local/lib/python3.6/site-packages/numpy/core/fromnumeric.py:2105(sum)
4000,0.012,0.000,0.019,0.000,/home/harry/.local/lib/python3.6/site-packages/highway_env/envs/common/abstract.py:146(_info)
50400,0.019,0.000,0.019,0.000,/home/harry/.local/lib/python3.6/site-packages/pandas/core/internals/blocks.py:311(shape)
801,0.005,0.000,0.018,0.000,/usr/lib/python3.6/multiprocessing/queues.py:80(put)
200,0.015,0.000,0.018,0.000,{method 'seed' of 'numpy.random.mtrand.RandomState' objects}
1200,0.004,0.000,0.018,0.000,/home/harry/.local/lib/python3.6/site-packages/numpy/core/fromnumeric.py:70(_wrapreduction)
41200,0.017,0.000,0.017,0.000,/home/harry/.local/lib/python3.6/site-packages/highway_env/envs/common/abstract.py:73(vehicle)
50400,0.017,0.000,0.017,0.000,{built-in method pandas._libs.missing.checknull}
50400,0.017,0.000,0.017,0.000,/home/harry/.local/lib/python3.6/site-packages/pandas/core/common.py:194(<genexpr>)
25200,0.012,0.000,0.017,0.000,/home/harry/.local/lib/python3.6/site-packages/pandas/core/indexes/base.py:5626(ensure_has_len)
64000,0.016,0.000,0.016,0.000,/home/harry/.local/lib/python3.6/site-packages/highway_env/vehicle/kinematics.py:112(act)
16405,0.016,0.000,0.016,0.000,/usr/lib/python3.6/json/encoder.py:223(floatstr)
25200,0.012,0.000,0.016,0.000,/home/harry/.local/lib/python3.6/site-packages/pandas/core/common.py:329(apply_if_callable)
25200,0.016,0.000,0.016,0.000,{method 'transpose' of 'numpy.ndarray' objects}
200,0.016,0.000,0.016,0.000,{method 'choice' of 'numpy.random.mtrand.RandomState' objects}
25200,0.015,0.000,0.015,0.000,/home/harry/.local/lib/python3.6/site-packages/pandas/core/indexing.py:237(loc)
66000,0.015,0.000,0.015,0.000,/home/harry/.local/lib/python3.6/site-packages/numpy/linalg/linalg.py:2359(_norm_dispatcher)
200,0.002,0.000,0.014,0.000,/home/harry/.local/lib/python3.6/site-packages/rl_agents/trainer/evaluation.py:318(after_some_episodes)
50400,0.014,0.000,0.014,0.000,/home/harry/.local/lib/python3.6/site-packages/pandas/core/missing.py:75(clean_fill_method)
200,0.014,0.000,0.014,0.000,{method 'sort' of 'numpy.ndarray' objects}
50400,0.012,0.000,0.012,0.000,{method 'upper' of 'str' objects}
4000,0.009,0.000,0.012,0.000,/home/harry/.local/lib/python3.6/site-packages/gym/wrappers/monitoring/stats_recorder.py:50(after_step)
200,0.001,0.000,0.011,0.000,/home/harry/.local/lib/python3.6/site-packages/gym/wrappers/monitor.py:179(_after_reset)
50400,0.011,0.000,0.011,0.000,/home/harry/.local/lib/python3.6/site-packages/numpy/core/multiarray.py:468(can_cast)
8600,0.008,0.000,0.010,0.000,/home/harry/.local/lib/python3.6/site-packages/numpy/core/numeric.py:1816(isscalar)
25200,0.010,0.000,0.010,0.000,/home/harry/.local/lib/python3.6/site-packages/pandas/core/generic.py:232(attrs)
25200,0.009,0.000,0.009,0.000,/home/harry/.local/lib/python3.6/site-packages/pandas/compat/numpy/function.py:48(__call__)
25200,0.009,0.000,0.009,0.000,/home/harry/.local/lib/python3.6/site-packages/pandas/core/internals/managers.py:179(blklocs)
25200,0.009,0.000,0.009,0.000,/home/harry/.local/lib/python3.6/site-packages/pandas/core/internals/managers.py:259(items)
25200,0.009,0.000,0.009,0.000,/home/harry/.local/lib/python3.6/site-packages/pandas/core/internals/blocks.py:229(fill_value)
6000,0.007,0.000,0.009,0.000,/home/harry/.local/lib/python3.6/site-packages/numpy/core/getlimits.py:366(__new__)
50400,0.009,0.000,0.009,0.000,{method 'extend' of 'list' objects}
200,0.001,0.000,0.009,0.000,/usr/lib/python3.6/logging/__init__.py:1406(makeRecord)
8000,0.007,0.000,0.009,0.000,/home/harry/.local/lib/python3.6/site-packages/numpy/core/_methods.py:82(_clip_dep_is_byte_swapped)
400,0.002,0.000,0.008,0.000,/home/harry/.local/lib/python3.6/site-packages/highway_env/envs/common/observation.py:492(observation_factory)
6000,0.007,0.000,0.008,0.000,/home/harry/.local/lib/python3.6/site-packages/highway_env/road/road.py:23(add_lane)
200,0.002,0.000,0.008,0.000,/home/harry/.local/lib/python3.6/site-packages/rl_agents/trainer/monitor.py:45(reset_video_recorder)
4000,0.004,0.000,0.008,0.000,/home/harry/.local/lib/python3.6/site-packages/rl_agents/agents/simple/open_loop.py:21(plan)
200,0.004,0.000,0.008,0.000,/usr/lib/python3.6/logging/__init__.py:251(__init__)
4000,0.008,0.000,0.008,0.000,{method 'item' of 'numpy.generic' objects}
50400,0.008,0.000,0.008,0.000,{pandas._libs.lib.is_bool}
802,0.002,0.000,0.008,0.000,/usr/lib/python3.6/threading.py:334(notify)
200,0.000,0.000,0.007,0.000,<__array_function__ internals>:2(diff)
400,0.005,0.000,0.007,0.000,/home/harry/.local/lib/python3.6/site-packages/gym/spaces/dict.py:34(__init__)
200,0.001,0.000,0.007,0.000,/home/harry/.local/lib/python3.6/site-packages/gym/utils/seeding.py:44(create_seed)
50400,0.007,0.000,0.007,0.000,{pandas._libs.lib.is_integer}
25200,0.007,0.000,0.007,0.000,{pandas._libs.lib.item_from_zerodim}
25200,0.007,0.000,0.007,0.000,/home/harry/.local/lib/python3.6/site-packages/pandas/core/indexes/numeric.py:81(_validate_dtype)
400,0.002,0.000,0.007,0.000,/home/harry/.local/lib/python3.6/site-packages/highway_env/envs/common/observation.py:303(__init__)
1,0.000,0.000,0.007,0.007,/home/harry/.local/lib/python3.6/site-packages/rl_agents/trainer/evaluation.py:33(__init__)
25200,0.006,0.000,0.006,0.000,/home/harry/.local/lib/python3.6/site-packages/pandas/core/frame.py:421(_constructor)
200,0.006,0.000,0.006,0.000,/home/harry/.local/lib/python3.6/site-packages/numpy/lib/function_base.py:1152(diff)
200,0.001,0.000,0.006,0.000,/home/harry/.local/lib/python3.6/site-packages/gym/utils/seeding.py:20(hash_seed)
4000,0.004,0.000,0.006,0.000,/home/harry/.local/lib/python3.6/site-packages/gym/wrappers/monitor.py:155(_before_step)
200,0.000,0.000,0.006,0.000,<__array_function__ internals>:2(cumsum)
200,0.000,0.000,0.006,0.000,{method 'min' of 'numpy.ndarray' objects}
200,0.006,0.000,0.006,0.000,{method 'copy' of 'numpy.ndarray' objects}
25200,0.006,0.000,0.006,0.000,/home/harry/.local/lib/python3.6/site-packages/numpy/core/fromnumeric.py:1701(_ravel_dispatcher)
400,0.004,0.000,0.006,0.000,/home/harry/.local/lib/python3.6/site-packages/gym/utils/seeding.py:68(_bigint_from_bytes)
200,0.000,0.000,0.006,0.000,/home/harry/.local/lib/python3.6/site-packages/numpy/core/_methods.py:41(_amin)
200,0.000,0.000,0.006,0.000,/home/harry/.local/lib/python3.6/site-packages/numpy/core/fromnumeric.py:2418(cumsum)
4000,0.004,0.000,0.005,0.000,/home/harry/.local/lib/python3.6/site-packages/highway_env/envs/common/action.py:49(controlled_vehicle)
400,0.001,0.000,0.005,0.000,/usr/lib/python3.6/logging/__init__.py:829(format)
25200,0.005,0.000,0.005,0.000,/home/harry/.local/lib/python3.6/site-packages/pandas/core/indexes/base.py:3250(_convert_list_indexer)
25202,0.005,0.000,0.005,0.000,{method 'keys' of 'dict' objects}
2400,0.005,0.000,0.005,0.000,/home/harry/.local/lib/python3.6/site-packages/gym/spaces/space.py:18(__init__)
200,0.005,0.000,0.005,0.000,{method 'cumsum' of 'numpy.ndarray' objects}
400,0.005,0.000,0.005,0.000,{built-in method posix.urandom}
400,0.001,0.000,0.005,0.000,/usr/lib/python3.6/logging/__init__.py:564(format)
400,0.002,0.000,0.005,0.000,/home/harry/.local/lib/python3.6/site-packages/numpy/core/_ufunc_config.py:32(seterr)
4000,0.003,0.000,0.005,0.000,/home/harry/.local/lib/python3.6/site-packages/gym/wrappers/monitoring/video_recorder.py:95(capture_frame)
4200,0.005,0.000,0.005,0.000,/home/harry/.local/lib/python3.6/site-packages/rl_agents/trainer/evaluation.py:314(<genexpr>)
25200,0.004,0.000,0.004,0.000,/home/harry/.local/lib/python3.6/site-packages/pandas/core/indexes/base.py:1378(nlevels)
25200,0.004,0.000,0.004,0.000,/home/harry/.local/lib/python3.6/site-packages/pandas/core/indexes/base.py:561(<lambda>)
4000,0.004,0.000,0.004,0.000,/home/harry/.local/lib/python3.6/site-packages/rl_agents/agents/simple/open_loop.py:26(get_plan)
354,0.004,0.000,0.004,0.000,{method 'release' of '_thread.lock' objects}
200,0.001,0.000,0.004,0.000,/home/harry/.local/lib/python3.6/site-packages/numpy/core/_ufunc_config.py:433(__enter__)
25200,0.004,0.000,0.004,0.000,{built-in method builtins.callable}
4000,0.004,0.000,0.004,0.000,/home/harry/.local/lib/python3.6/site-packages/highway_env/envs/common/abstract.py:165(_cost)
200,0.000,0.000,0.003,0.000,<__array_function__ internals>:2(any)
801,0.003,0.000,0.003,0.000,{method 'acquire' of '_multiprocessing.SemLock' objects}
800,0.001,0.000,0.003,0.000,/home/harry/.local/lib/python3.6/site-packages/tensorboardX/summary.py:28(_clean_tag)
200,0.000,0.000,0.003,0.000,<__array_function__ internals>:2(searchsorted)
200,0.001,0.000,0.003,0.000,/usr/lib/python3.6/random.py:680(getrandbits)
200,0.003,0.000,0.003,0.000,/home/harry/.local/lib/python3.6/site-packages/highway_env/road/lane.py:155(position)
200,0.000,0.000,0.003,0.000,/home/harry/.local/lib/python3.6/site-packages/numpy/core/fromnumeric.py:2249(any)
1,0.000,0.000,0.003,0.003,/home/harry/.local/lib/python3.6/site-packages/rl_agents/trainer/evaluation.py:350(write_logging)
200,0.000,0.000,0.003,0.000,/home/harry/.local/lib/python3.6/site-packages/numpy/core/fromnumeric.py:1276(searchsorted)
2,0.000,0.000,0.003,0.001,/home/harry/.local/lib/python3.6/site-packages/rl_agents/trainer/logger.py:38(configure)
801,0.001,0.000,0.003,0.000,/home/harry/.local/lib/python3.6/site-packages/tensorboardX/writer.py:333(_get_file_writer)
4000,0.003,0.000,0.003,0.000,{method 'update' of 'dict' objects}
8000,0.003,0.000,0.003,0.000,/home/harry/.local/lib/python3.6/site-packages/highway_env/envs/parking_env.py:124(<genexpr>)
1,0.000,0.000,0.003,0.003,/home/harry/.local/lib/python3.6/site-packages/tensorboardX/writer.py:219(__init__)
200,0.001,0.000,0.002,0.000,/usr/lib/python3.6/logging/__init__.py:1376(findCaller)
200,0.001,0.000,0.002,0.000,/home/harry/.local/lib/python3.6/site-packages/rl_agents/trainer/monitor.py:168(save_complete)
200,0.000,0.000,0.002,0.000,/home/harry/.local/lib/python3.6/site-packages/numpy/core/_ufunc_config.py:438(__exit__)
4000,0.002,0.000,0.002,0.000,/home/harry/.local/lib/python3.6/site-packages/gym/wrappers/monitoring/stats_recorder.py:42(before_step)
400,0.002,0.000,0.002,0.000,/home/harry/.local/lib/python3.6/site-packages/highway_env/envs/common/observation.py:129(__init__)
1,0.000,0.000,0.002,0.002,/home/harry/.local/lib/python3.6/site-packages/rl_agents/trainer/logger.py:57(add_file_handler)
1,0.000,0.000,0.002,0.002,/home/harry/.local/lib/python3.6/site-packages/tensorboardX/writer.py:81(__init__)
1,0.000,0.000,0.002,0.002,/home/harry/.local/lib/python3.6/site-packages/tensorboardX/event_file_writer.py:88(__init__)
206,0.001,0.000,0.002,0.000,/usr/lib/python3.6/posixpath.py:75(join)
200,0.001,0.000,0.002,0.000,/home/harry/.local/lib/python3.6/site-packages/rl_agents/trainer/monitor.py:63(_close_video_recorder)
8400,0.002,0.000,0.002,0.000,/home/harry/.local/lib/python3.6/site-packages/numpy/core/fromnumeric.py:3071(_ndim_dispatcher)
200,0.002,0.000,0.002,0.000,{method 'dot' of 'numpy.ndarray' objects}
82/3,0.000,0.000,0.002,0.001,/usr/lib/python3.6/abc.py:196(__subclasscheck__)
800,0.002,0.000,0.002,0.000,{method 'sub' of '_sre.SRE_Pattern' objects}
400,0.000,0.000,0.002,0.000,/usr/lib/python3.6/logging/__init__.py:548(formatMessage)
400,0.001,0.000,0.002,0.000,/home/harry/.local/lib/python3.6/site-packages/numpy/core/_ufunc_config.py:132(geterr)
200,0.000,0.000,0.002,0.000,/home/harry/.local/lib/python3.6/site-packages/highway_env/road/road.py:211(lanes_list)
200,0.001,0.000,0.002,0.000,/home/harry/.local/lib/python3.6/site-packages/rl_agents/trainer/monitor.py:148(after_reset)
5/1,0.000,0.000,0.002,0.002,/home/harry/.local/lib/python3.6/site-packages/rl_agents/configuration.py:31(rec_update)
804,0.001,0.000,0.002,0.000,/usr/lib/python3.6/logging/__init__.py:809(acquire)
1,0.000,0.000,0.002,0.002,/usr/lib/python3.6/multiprocessing/context.py:99(Queue)
804,0.001,0.000,0.001,0.000,/usr/lib/python3.6/threading.py:239(__enter__)
400,0.001,0.000,0.001,0.000,/usr/lib/python3.6/logging/__init__.py:542(usesTime)
200,0.001,0.000,0.001,0.000,{method 'rand' of 'numpy.random.mtrand.RandomState' objects}
8400,0.001,0.000,0.001,0.000,/home/harry/.local/lib/python3.6/site-packages/gym/core.py:137(unwrapped)
4200,0.001,0.000,0.001,0.000,/home/harry/.local/lib/python3.6/site-packages/gym/wrappers/monitoring/video_recorder.py:91(functional)
200,0.001,0.000,0.001,0.000,{built-in method _hashlib.openssl_sha512}
811,0.001,0.000,0.001,0.000,{method 'acquire' of '_thread.lock' objects}
400,0.001,0.000,0.001,0.000,/usr/lib/python3.6/logging/__init__.py:390(format)
296/27,0.000,0.000,0.001,0.000,/usr/lib/python3.6/typing.py:1145(__subclasscheck__)
2000,0.001,0.000,0.001,0.000,{built-in method builtins.min}
804,0.001,0.000,0.001,0.000,/usr/lib/python3.6/logging/__init__.py:816(release)
1200,0.001,0.000,0.001,0.000,/home/harry/.local/lib/python3.6/site-packages/numpy/core/fromnumeric.py:71(<dictcomp>)
200,0.000,0.000,0.001,0.000,/usr/lib/python3.6/posixpath.py:121(splitext)
4000,0.001,0.000,0.001,0.000,/home/harry/.local/lib/python3.6/site-packages/numpy/core/fromnumeric.py:2029(_clip_dispatcher)
407,0.001,0.000,0.001,0.000,{built-in method builtins.sorted}
800,0.001,0.000,0.001,0.000,/home/harry/.local/lib/python3.6/site-packages/tensorboardX/writer.py:318(_check_caffe2_blob)
2,0.000,0.000,0.001,0.001,<frozen importlib._bootstrap>:966(_find_and_load)
2,0.000,0.000,0.001,0.001,/usr/lib/python3.6/logging/config.py:800(dictConfig)
2,0.000,0.000,0.001,0.001,/usr/lib/python3.6/logging/config.py:493(configure)
1,0.000,0.000,0.001,0.001,/usr/lib/python3.6/multiprocessing/queues.py:36(__init__)
200,0.001,0.000,0.001,0.000,/home/harry/.local/lib/python3.6/site-packages/gym/utils/seeding.py:79(_int_list_from_bigint)
804,0.001,0.000,0.001,0.000,/usr/lib/python3.6/threading.py:254(_is_owned)
2,0.000,0.000,0.001,0.000,<frozen importlib._bootstrap>:936(_find_and_load_unlocked)
1,0.000,0.000,0.001,0.001,/home/harry/.local/lib/python3.6/site-packages/rl_agents/trainer/evaluation.py:343(write_metadata)
201,0.000,0.000,0.001,0.000,/usr/lib/python3.6/posixpath.py:144(basename)
200,0.001,0.000,0.001,0.000,/home/harry/.local/lib/python3.6/site-packages/gym/wrappers/monitoring/stats_recorder.py:82(save_complete)
2,0.000,0.000,0.001,0.000,/home/harry/.local/lib/python3.6/site-packages/rl_agents/trainer/evaluation.py:276(save_agent_model)
200,0.001,0.000,0.001,0.000,{method 'digest' of '_hashlib.HASH' objects}
600,0.001,0.000,0.001,0.000,/home/harry/.local/lib/python3.6/site-packages/gym/wrappers/monitor.py:213(_video_enabled)
2,0.000,0.000,0.001,0.000,/usr/lib/python3.6/multiprocessing/context.py:64(Lock)
200,0.001,0.000,0.001,0.000,/home/harry/.local/lib/python3.6/site-packages/gym/wrappers/monitor.py:208(_close_video_recorder)
400,0.000,0.000,0.001,0.000,/usr/lib/python3.6/logging/__init__.py:387(usesTime)
2,0.000,0.000,0.001,0.000,<frozen importlib._bootstrap>:651(_load_unlocked)
4000,0.001,0.000,0.001,0.000,/home/harry/.local/lib/python3.6/site-packages/rl_agents/agents/simple/open_loop.py:41(record)
200,0.000,0.000,0.001,0.000,/home/harry/.local/lib/python3.6/site-packages/rl_agents/trainer/monitor.py:68(is_episode_selected)
200,0.000,0.000,0.001,0.000,/usr/lib/python3.6/logging/__init__.py:1544(isEnabledFor)
200,0.000,0.000,0.001,0.000,/home/harry/.local/lib/python3.6/site-packages/numpy/lib/histograms.py:283(_ravel_and_check_weights)
1,0.000,0.000,0.001,0.001,/home/harry/.local/lib/python3.6/site-packages/tensorboardX/writer.py:1230(close)
804,0.001,0.000,0.001,0.000,/usr/lib/python3.6/threading.py:242(__exit__)
5,0.000,0.000,0.001,0.000,{built-in method io.open}
2,0.000,0.000,0.001,0.000,<frozen importlib._bootstrap_external>:672(exec_module)
200,0.000,0.000,0.001,0.000,/home/harry/.local/lib/python3.6/site-packages/gym/wrappers/monitor.py:175(_before_reset)
200,0.001,0.000,0.001,0.000,/home/harry/.local/lib/python3.6/site-packages/highway_env/road/road.py:212(<listcomp>)
1,0.000,0.000,0.001,0.001,/home/harry/.local/lib/python3.6/site-packages/tensorboardX/writer.py:193(close)
1,0.000,0.000,0.001,0.001,/home/harry/.local/lib/python3.6/site-packages/tensorboardX/event_file_writer.py:150(close)
3,0.000,0.000,0.001,0.000,/usr/lib/python3.6/os.py:195(makedirs)
3,0.001,0.000,0.001,0.000,/usr/lib/python3.6/json/encoder.py:204(iterencode)
5026,0.001,0.000,0.001,0.000,{built-in method builtins.id}
400,0.001,0.000,0.001,0.000,{built-in method numpy.seterrobj}
13,0.000,0.000,0.001,0.000,{built-in method builtins.next}
804,0.001,0.000,0.001,0.000,{method '__enter__' of '_thread.lock' objects}
600,0.001,0.000,0.001,0.000,/usr/lib/python3.6/logging/__init__.py:705(filter)
200,0.001,0.000,0.001,0.000,/home/harry/.local/lib/python3.6/site-packages/gym/wrappers/monitoring/stats_recorder.py:74(after_reset)
200,0.000,0.000,0.001,0.000,/home/harry/.local/lib/python3.6/site-packages/gym/wrappers/monitoring/video_recorder.py:31(__init__)
400,0.001,0.000,0.001,0.000,{built-in method _struct.unpack}
818,0.001,0.000,0.001,0.000,{method 'acquire' of '_thread.RLock' objects}
2,0.000,0.000,0.001,0.000,/usr/lib/python3.6/threading.py:828(start)
400,0.001,0.000,0.001,0.000,/usr/lib/python3.6/logging/__init__.py:329(getMessage)
1,0.000,0.000,0.001,0.001,/home/harry/.local/lib/python3.6/site-packages/tensorboardX/event_file_writer.py:187(stop)
200,0.000,0.000,0.001,0.000,/usr/lib/python3.6/genericpath.py:117(_splitext)
200,0.000,0.000,0.001,0.000,/usr/lib/python3.6/posixpath.py:52(normcase)
200,0.001,0.000,0.001,0.000,{method 'reshape' of 'numpy.ndarray' objects}
1,0.000,0.000,0.001,0.001,/usr/lib/python3.6/threading.py:1024(join)
1,0.000,0.000,0.001,0.001,/usr/lib/python3.6/threading.py:1062(_wait_for_tstate_lock)
412,0.000,0.000,0.000,0.000,/usr/lib/python3.6/posixpath.py:41(_get_sep)
4,0.000,0.000,0.000,0.000,/home/harry/.local/lib/python3.6/site-packages/gym/utils/atomic_write.py:32(atomic_write)
201,0.000,0.000,0.000,0.000,/home/harry/.local/lib/python3.6/site-packages/gym/wrappers/monitor.py:106(_flush)
200,0.000,0.000,0.000,0.000,/usr/lib/python3.6/logging/__init__.py:157(<lambda>)
1,0.000,0.000,0.000,0.000,/usr/lib/python3.6/pathlib.py:1174(open)
834,0.000,0.000,0.000,0.000,{built-in method posix.fspath}
400,0.000,0.000,0.000,0.000,/home/harry/.local/lib/python3.6/site-packages/highway_env/envs/common/observation.py:17(__init__)
2,0.000,0.000,0.000,0.000,/usr/lib/python3.6/threading.py:533(wait)
1203,0.000,0.000,0.000,0.000,{built-in method time.time}
2,0.000,0.000,0.000,0.000,<frozen importlib._bootstrap>:211(_call_with_frames_removed)
800,0.000,0.000,0.000,0.000,{built-in method numpy.geterrobj}
2,0.000,0.000,0.000,0.000,{built-in method builtins.exec}
2,0.000,0.000,0.000,0.000,/usr/lib/python3.6/threading.py:263(wait)
1,0.000,0.000,0.000,0.000,/usr/lib/python3.6/pathlib.py:1035(_opener)
1,0.000,0.000,0.000,0.000,/usr/lib/python3.6/pathlib.py:385(wrapped)
1,0.000,0.000,0.000,0.000,{built-in method posix.open}
600,0.000,0.000,0.000,0.000,{method 'squeeze' of 'numpy.ndarray' objects}
3,0.000,0.000,0.000,0.000,{built-in method posix.mkdir}
200,0.000,0.000,0.000,0.000,/home/harry/.local/lib/python3.6/site-packages/highway_env/road/road.py:255(__init__)
3,0.000,0.000,0.000,0.000,/usr/lib/python3.6/logging/config.py:696(configure_handler)
400,0.000,0.000,0.000,0.000,{method 'find' of 'str' objects}
601,0.000,0.000,0.000,0.000,{method 'values' of 'dict' objects}
204,0.000,0.000,0.000,0.000,{built-in method from_bytes}
1,0.000,0.000,0.000,0.000,/usr/lib/python3.6/multiprocessing/queues.py:155(_start_thread)
11,0.000,0.000,0.000,0.000,{built-in method builtins.__build_class__}
802,0.000,0.000,0.000,0.000,{method 'lstrip' of 'str' objects}
200,0.000,0.000,0.000,0.000,/usr/lib/python3.6/logging/__init__.py:1530(getEffectiveLevel)
3,0.000,0.000,0.000,0.000,/usr/lib/python3.6/multiprocessing/synchronize.py:50(__init__)
604,0.000,0.000,0.000,0.000,{method 'rfind' of 'str' objects}
15,0.000,0.000,0.000,0.000,{built-in method posix.stat}
2,0.000,0.000,0.000,0.000,<frozen importlib._bootstrap_external>:743(get_code)
200,0.000,0.000,0.000,0.000,/home/harry/.local/lib/python3.6/site-packages/rl_agents/agents/simple/open_loop.py:38(reset)
203,0.000,0.000,0.000,0.000,/usr/lib/python3.6/threading.py:1230(current_thread)
400,0.000,0.000,0.000,0.000,/home/harry/.local/lib/python3.6/site-packages/highway_env/envs/common/action.py:20(__init__)
1,0.000,0.000,0.000,0.000,/usr/lib/python3.6/multiprocessing/synchronize.py:11(<module>)
200,0.000,0.000,0.000,0.000,/home/harry/.local/lib/python3.6/site-packages/gym/wrappers/monitoring/stats_recorder.py:64(before_reset)
78,0.000,0.000,0.000,0.000,/usr/lib/python3.6/logging/config.py:292(convert_with_key)
2,0.000,0.000,0.000,0.000,/usr/lib/python3.6/contextlib.py:79(__enter__)
3,0.000,0.000,0.000,0.000,/usr/lib/python3.6/typing.py:875(__extrahook__)
200,0.000,0.000,0.000,0.000,/usr/lib/python3.6/logging/__init__.py:120(getLevelName)
400,0.000,0.000,0.000,0.000,{built-in method builtins.divmod}
818,0.000,0.000,0.000,0.000,{method 'release' of '_thread.RLock' objects}
67,0.000,0.000,0.000,0.000,/usr/lib/python3.6/_weakrefset.py:58(__iter__)
1000,0.000,0.000,0.000,0.000,/home/harry/.local/lib/python3.6/site-packages/numpy/core/fromnumeric.py:2100(_sum_dispatcher)
1,0.000,0.000,0.000,0.000,/home/harry/.local/lib/python3.6/site-packages/rl_agents/trainer/monitor.py:26(__init__)
2,0.000,0.000,0.000,0.000,/usr/lib/python3.6/multiprocessing/synchronize.py:161(__init__)
6,0.000,0.000,0.000,0.000,/usr/lib/python3.6/genericpath.py:16(exists)
1,0.000,0.000,0.000,0.000,/home/harry/.local/lib/python3.6/site-packages/gym/wrappers/monitor.py:13(__init__)
211,0.000,0.000,0.000,0.000,{built-in method posix.getpid}
12,0.000,0.000,0.000,0.000,/usr/lib/python3.6/pathlib.py:631(_parse_args)
200,0.000,0.000,0.000,0.000,{method 'encode' of 'str' objects}
400,0.000,0.000,0.000,0.000,{method 'tolist' of 'numpy.ndarray' objects}
1,0.000,0.000,0.000,0.000,/home/harry/.local/lib/python3.6/site-packages/rl_agents/trainer/monitor.py:33(_start)
78,0.000,0.000,0.000,0.000,/usr/lib/python3.6/logging/config.py:439(convert)
351,0.000,0.000,0.000,0.000,{method 'remove' of 'collections.deque' objects}
200,0.000,0.000,0.000,0.000,/home/harry/.local/lib/python3.6/site-packages/highway_env/road/road.py:20(__init__)
9,0.000,0.000,0.000,0.000,/usr/lib/python3.6/pathlib.py:898(__truediv__)
1,0.000,0.000,0.000,0.000,/home/harry/.local/lib/python3.6/site-packages/gym/wrappers/monitor.py:48(_start)
2,0.000,0.000,0.000,0.000,/usr/lib/python3.6/contextlib.py:85(__exit__)
2,0.000,0.000,0.000,0.000,<frozen importlib._bootstrap_external>:485(_compile_bytecode)
474,0.000,0.000,0.000,0.000,{built-in method sys._getframe}
2,0.000,0.000,0.000,0.000,{built-in method marshal.loads}
9,0.000,0.000,0.000,0.000,/usr/lib/python3.6/pathlib.py:685(_make_child)
600,0.000,0.000,0.000,0.000,/home/harry/.local/lib/python3.6/site-packages/gym/wrappers/monitor.py:260(disable_videos)
804,0.000,0.000,0.000,0.000,{method '__exit__' of '_thread.lock' objects}
200,0.000,0.000,0.000,0.000,/usr/lib/python3.6/threading.py:1076(name)
804,0.000,0.000,0.000,0.000,{method 'append' of 'collections.deque' objects}
12,0.000,0.000,0.000,0.000,/usr/lib/python3.6/pathlib.py:51(parse_parts)
3,0.000,0.000,0.000,0.000,/usr/lib/python3.6/multiprocessing/synchronize.py:114(_make_name)
1,0.000,0.000,0.000,0.000,/home/harry/.local/lib/python3.6/site-packages/tensorboardX/event_file_writer.py:35(__init__)
34,0.000,0.000,0.000,0.000,/usr/lib/python3.6/logging/config.py:329(get)
203,0.000,0.000,0.000,0.000,/usr/lib/python3.6/multiprocessing/process.py:35(current_process)
400,0.000,0.000,0.000,0.000,/home/harry/.local/lib/python3.6/site-packages/numpy/core/multiarray.py:143(concatenate)
3,0.000,0.000,0.000,0.000,/usr/lib/python3.6/pathlib.py:998(__new__)
200,0.000,0.000,0.000,0.000,/home/harry/.local/lib/python3.6/site-packages/gym/wrappers/monitoring/video_recorder.py:118(close)
200,0.000,0.000,0.000,0.000,/home/harry/.local/lib/python3.6/site-packages/highway_env/envs/common/action.py:112(vehicle_class)
400,0.000,0.000,0.000,0.000,{method 'values' of 'collections.OrderedDict' objects}
3,0.000,0.000,0.000,0.000,/usr/lib/python3.6/tempfile.py:296(__next__)
1,0.000,0.000,0.000,0.000,/usr/lib/python3.6/logging/__init__.py:1014(__init__)
208,0.000,0.000,0.000,0.000,{method 'endswith' of 'str' objects}
3,0.000,0.000,0.000,0.000,/usr/lib/python3.6/pathlib.py:651(_from_parts)
203,0.000,0.000,0.000,0.000,{method 'pop' of 'list' objects}
200,0.000,0.000,0.000,0.000,/home/harry/.local/lib/python3.6/site-packages/numpy/core/fromnumeric.py:835(_sort_dispatcher)
407,0.000,0.000,0.000,0.000,{built-in method _thread.get_ident}
2,0.000,0.000,0.000,0.000,<frozen importlib._bootstrap>:870(_find_spec)
2,0.000,0.000,0.000,0.000,{built-in method _thread.start_new_thread}
212,0.000,0.000,0.000,0.000,{method 'startswith' of 'str' objects}
1,0.000,0.000,0.000,0.000,/usr/lib/python3.6/multiprocessing/queues.py:10(<module>)
2,0.000,0.000,0.000,0.000,/usr/lib/python3.6/logging/config.py:785(configure_logger)
200,0.000,0.000,0.000,0.000,{built-in method numpy.core._multiarray_umath.normalize_axis_index}
25,0.000,0.000,0.000,0.000,/usr/lib/python3.6/logging/config.py:325(__getitem__)
200,0.000,0.000,0.000,0.000,/usr/lib/python3.6/multiprocessing/process.py:146(name)
4,0.000,0.000,0.000,0.000,/usr/lib/python3.6/logging/config.py:651(configure_formatter)
2,0.000,0.000,0.000,0.000,<frozen importlib._bootstrap_external>:1149(find_spec)
19,0.000,0.000,0.000,0.000,/usr/lib/python3.6/logging/config.py:333(pop)
2,0.000,0.000,0.000,0.000,<frozen importlib._bootstrap_external>:1117(_get_spec)
200,0.000,0.000,0.000,0.000,/home/harry/.local/lib/python3.6/site-packages/rl_agents/agents/simple/open_loop.py:35(seed)
2,0.000,0.000,0.000,0.000,/usr/lib/python3.6/logging/config.py:767(common_logger_config)
57,0.000,0.000,0.000,0.000,/usr/lib/python3.6/_weakrefset.py:26(__exit__)
2,0.000,0.000,0.000,0.000,<frozen importlib._bootstrap_external>:1233(find_spec)
200,0.000,0.000,0.000,0.000,/home/harry/.local/lib/python3.6/site-packages/numpy/lib/function_base.py:1148(_diff_dispatcher)
1,0.000,0.000,0.000,0.000,/usr/lib/python3.6/multiprocessing/context.py:84(BoundedSemaphore)
3,0.000,0.000,0.000,0.000,/usr/lib/python3.6/tempfile.py:299(<listcomp>)
59,0.000,0.000,0.000,0.000,/usr/lib/python3.6/_weakrefset.py:81(add)
2,0.000,0.000,0.000,0.000,/usr/lib/python3.6/logging/config.py:164(_handle_existing_loggers)
1,0.000,0.000,0.000,0.000,/usr/lib/python3.6/multiprocessing/synchronize.py:144(__init__)
2,0.000,0.000,0.000,0.000,/usr/lib/python3.6/posixpath.py:376(abspath)
1,0.000,0.000,0.000,0.000,/home/harry/.local/lib/python3.6/site-packages/tensorboardX/event_file_writer.py:51(write_event)
1,0.000,0.000,0.000,0.000,/usr/lib/python3.6/logging/__init__.py:1056(_open)
200,0.000,0.000,0.000,0.000,/home/harry/.local/lib/python3.6/site-packages/numpy/lib/histograms.py:672(_histogram_dispatcher)
200,0.000,0.000,0.000,0.000,/usr/lib/python3.6/contextlib.py:36(_recreate_cm)
3,0.000,0.000,0.000,0.000,/usr/lib/python3.6/posixpath.py:104(split)
2,0.000,0.000,0.000,0.000,{built-in method posix.replace}
24,0.000,0.000,0.000,0.000,/usr/lib/python3.6/random.py:255(choice)
2,0.000,0.000,0.000,0.000,/usr/lib/python3.6/threading.py:757(__init__)
2,0.000,0.000,0.000,0.000,<frozen importlib._bootstrap>:564(module_from_spec)
2,0.000,0.000,0.000,0.000,/usr/lib/python3.6/logging/config.py:272(_clearExistingHandlers)
3,0.000,0.000,0.000,0.000,/usr/lib/python3.6/tempfile.py:285(rng)
200,0.000,0.000,0.000,0.000,/home/harry/.local/lib/python3.6/site-packages/numpy/core/fromnumeric.py:2414(_cumsum_dispatcher)
57,0.000,0.000,0.000,0.000,/usr/lib/python3.6/_weakrefset.py:20(__enter__)
2,0.000,0.000,0.000,0.000,<frozen importlib._bootstrap>:504(_init_module_attrs)
261,0.000,0.000,0.000,0.000,{built-in method _json.encode_basestring_ascii}
1,0.000,0.000,0.000,0.000,/usr/lib/python3.6/multiprocessing/queues.py:131(close)
200,0.000,0.000,0.000,0.000,/home/harry/.local/lib/python3.6/site-packages/numpy/core/fromnumeric.py:2245(_any_dispatcher)
1,0.000,0.000,0.000,0.000,/home/harry/.local/lib/python3.6/site-packages/tensorboardX/event_file_writer.py:60(_write_serialized_event)
100,0.000,0.000,0.000,0.000,/usr/lib/python3.6/typing.py:1089(__eq__)
8,0.000,0.000,0.000,0.000,/usr/lib/python3.6/weakref.py:165(__setitem__)
2,0.000,0.000,0.000,0.000,{method 'sort' of 'list' objects}
3,0.000,0.000,0.000,0.000,/usr/lib/python3.6/logging/__init__.py:960(__init__)
1,0.000,0.000,0.000,0.000,/home/harry/.local/lib/python3.6/site-packages/tensorboardX/record_writer.py:178(write)
60,0.000,0.000,0.000,0.000,{method '__subclasses__' of 'type' objects}
2,0.000,0.000,0.000,0.000,/usr/lib/python3.6/genericpath.py:27(isfile)
2,0.000,0.000,0.000,0.000,<frozen importlib._bootstrap_external>:830(get_data)
3,0.000,0.000,0.000,0.000,/usr/lib/python3.6/logging/__init__.py:771(__init__)
200,0.000,0.000,0.000,0.000,/home/harry/.local/lib/python3.6/site-packages/numpy/core/fromnumeric.py:1272(_searchsorted_dispatcher)
24,0.000,0.000,0.000,0.000,/usr/lib/python3.6/random.py:223(_randbelow)
4,0.000,0.000,0.000,0.000,<frozen importlib._bootstrap_external>:263(cache_from_source)
2,0.000,0.000,0.000,0.000,/usr/lib/python3.6/logging/config.py:759(add_handlers)
3,0.000,0.000,0.000,0.000,/usr/lib/python3.6/logging/__init__.py:787(set_name)
2,0.000,0.000,0.000,0.000,/usr/lib/python3.6/logging/__init__.py:1930(shutdown)
1,0.000,0.000,0.000,0.000,/home/harry/.local/lib/python3.6/site-packages/tensorboardX/record_writer.py:171(__init__)
10,0.000,0.000,0.000,0.000,/usr/lib/python3.6/pathlib.py:691(__str__)
6,0.000,0.000,0.000,0.000,/usr/lib/python3.6/pathlib.py:701(__fspath__)
42,0.000,0.000,0.000,0.000,/usr/lib/python3.6/typing.py:1019(_abc_negative_cache)
2,0.000,0.000,0.000,0.000,{built-in method posix.remove}
1,0.000,0.000,0.000,0.000,/home/harry/.local/lib/python3.6/site-packages/tensorboardX/record_writer.py:54(open_file)
2,0.000,0.000,0.000,0.000,/home/harry/.local/lib/python3.6/site-packages/tensorboardX/record_writer.py:193(masked_crc32c)
1,0.000,0.000,0.000,0.000,/home/harry/.local/lib/python3.6/site-packages/tensorboardX/event_file_writer.py:168(__init__)
12,0.000,0.000,0.000,0.000,<frozen importlib._bootstrap_external>:57(_path_join)
1,0.000,0.000,0.000,0.000,/usr/lib/python3.6/multiprocessing/util.py:167(__call__)
4,0.000,0.000,0.000,0.000,<frozen importlib._bootstrap>:403(cached)
1,0.000,0.000,0.000,0.000,/home/harry/.local/lib/python3.6/site-packages/rl_agents/trainer/evaluation.py:339(default_run_directory)
9,0.000,0.000,0.000,0.000,/usr/lib/python3.6/pathlib.py:664(_from_parsed_parts)
22,0.000,0.000,0.000,0.000,{method 'match' of '_sre.SRE_Pattern' objects}
2,0.000,0.000,0.000,0.000,/home/harry/.local/lib/python3.6/site-packages/gym/logger.py:24(info)
3,0.000,0.000,0.000,0.000,/home/harry/.local/lib/python3.6/site-packages/tensorboardX/event_file_writer.py:65(flush)
4,0.000,0.000,0.000,0.000,/usr/lib/python3.6/multiprocessing/util.py:136(register_after_fork)
2,0.000,0.000,0.000,0.000,/home/harry/.local/lib/python3.6/site-packages/tensorboardX/crc32c.py:122(_crc32c)
1,0.000,0.000,0.000,0.000,/usr/lib/python3.6/random.py:87(__init__)
2,0.000,0.000,0.000,0.000,<frozen importlib._bootstrap_external>:361(_get_cached)
37,0.000,0.000,0.000,0.000,{built-in method sys.intern}
2,0.000,0.000,0.000,0.000,/home/harry/.local/lib/python3.6/site-packages/tensorboardX/event_file_writer.py:141(flush)
2,0.000,0.000,0.000,0.000,/usr/lib/python3.6/contextlib.py:157(helper)
57,0.000,0.000,0.000,0.000,/usr/lib/python3.6/_weakrefset.py:16(__init__)
6,0.000,0.000,0.000,0.000,<frozen importlib._bootstrap_external>:75(_path_stat)
2,0.000,0.000,0.000,0.000,<frozen importlib._bootstrap>:147(__enter__)
22,0.000,0.000,0.000,0.000,/usr/lib/python3.6/typing.py:1033(_abc_negative_cache_version)
1,0.000,0.000,0.000,0.000,/usr/lib/python3.6/random.py:96(seed)
57,0.000,0.000,0.000,0.000,/usr/lib/python3.6/_weakrefset.py:52(_commit_removals)
2,0.000,0.000,0.000,0.000,<frozen importlib._bootstrap_external>:430(_validate_bytecode_header)
1,0.000,0.000,0.000,0.000,/home/harry/.local/lib/python3.6/site-packages/tensorboardX/writer.py:186(flush)
2,0.000,0.000,0.000,0.000,/home/harry/.local/lib/python3.6/site-packages/tensorboardX/crc32c.py:85(crc_update)
3,0.000,0.000,0.000,0.000,/usr/lib/python3.6/logging/config.py:378(resolve)
2,0.000,0.000,0.000,0.000,/home/harry/.local/lib/python3.6/site-packages/gym/wrappers/monitoring/stats_recorder.py:10(__init__)
2,0.000,0.000,0.000,0.000,/usr/lib/python3.6/posixpath.py:338(normpath)
1,0.000,0.000,0.000,0.000,/usr/lib/python3.6/genericpath.py:39(isdir)
2,0.000,0.000,0.000,0.000,{built-in method posix.getcwd}
1,0.000,0.000,0.000,0.000,/home/harry/.local/lib/python3.6/site-packages/gym/utils/closer.py:45(register)
1,0.000,0.000,0.000,0.000,/usr/lib/python3.6/multiprocessing/queues.py:196(_finalize_close)
2,0.000,0.000,0.000,0.000,/usr/lib/python3.6/contextlib.py:59(__init__)
1,0.000,0.000,0.000,0.000,/home/harry/.local/lib/python3.6/site-packages/tensorboardX/event_file_writer.py:72(close)
17,0.000,0.000,0.000,0.000,/usr/lib/python3.6/pathlib.py:282(splitroot)
4,0.000,0.000,0.000,0.000,/usr/lib/python3.6/_bootlocale.py:23(getpreferredencoding)
1,0.000,0.000,0.000,0.000,{function Random.seed at 0x7f883cf3d840}
3,0.000,0.000,0.000,0.000,/usr/lib/python3.6/logging/config.py:736(<listcomp>)
3,0.000,0.000,0.000,0.000,/usr/lib/python3.6/threading.py:215(__init__)
2,0.000,0.000,0.000,0.000,/usr/lib/python3.6/threading.py:248(_release_save)
26,0.000,0.000,0.000,0.000,{method 'join' of 'str' objects}
2,0.000,0.000,0.000,0.000,{method 'read' of '_io.FileIO' objects}
1,0.000,0.000,0.000,0.000,{built-in method builtins.print}
1,0.000,0.000,0.000,0.000,/usr/lib/python3.6/multiprocessing/queues.py:67(_after_fork)
12,0.000,0.000,0.000,0.000,<frozen importlib._bootstrap_external>:59(<listcomp>)
2,0.000,0.000,0.000,0.000,<frozen importlib._bootstrap>:157(_get_module_lock)
1,0.000,0.000,0.000,0.000,/home/harry/.local/lib/python3.6/site-packages/rl_agents/trainer/monitor.py:132(__init__)
3,0.000,0.000,0.000,0.000,/home/harry/.local/lib/python3.6/site-packages/tensorboardX/record_writer.py:186(flush)
2,0.000,0.000,0.000,0.000,/usr/lib/python3.6/threading.py:498(__init__)
116,0.000,0.000,0.000,0.000,{method 'add' of 'set' objects}
1,0.000,0.000,0.000,0.000,/usr/lib/python3.6/multiprocessing/connection.py:501(Pipe)
1,0.000,0.000,0.000,0.000,{method 'SerializeToString' of 'google.protobuf.pyext._message.CMessage' objects}
14,0.000,0.000,0.000,0.000,/usr/lib/python3.6/logging/__init__.py:219(_acquireLock)
1,0.000,0.000,0.000,0.000,/home/harry/.local/lib/python3.6/site-packages/gym/utils/closer.py:57(unregister)
12,0.000,0.000,0.000,0.000,<frozen importlib._bootstrap>:416(parent)
1,0.000,0.000,0.000,0.000,{method 'strftime' of 'datetime.date' objects}
3,0.000,0.000,0.000,0.000,/usr/lib/python3.6/json/encoder.py:104(__init__)
9,0.000,0.000,0.000,0.000,{method 'split' of 'str' objects}
13,0.000,0.000,0.000,0.000,/usr/lib/python3.6/logging/__init__.py:190(_checkLevel)
2,0.000,0.000,0.000,0.000,/usr/lib/python3.6/multiprocessing/util.py:151(__init__)
2,0.000,0.000,0.000,0.000,<frozen importlib._bootstrap_external>:1228(_get_spec)
2,0.000,0.000,0.000,0.000,<frozen importlib._bootstrap_external>:94(_path_isfile)
3,0.000,0.000,0.000,0.000,{method 'flush' of '_io.BufferedWriter' objects}
3,0.000,0.000,0.000,0.000,/usr/lib/python3.6/logging/__init__.py:752(_addHandlerRef)
1,0.000,0.000,0.000,0.000,/home/harry/.local/lib/python3.6/site-packages/tensorboardX/record_writer.py:189(close)
3,0.000,0.000,0.000,0.000,/usr/lib/python3.6/weakref.py:109(remove)
2,0.000,0.000,0.000,0.000,/usr/lib/python3.6/_collections_abc.py:816(clear)
9,0.000,0.000,0.000,0.000,/usr/lib/python3.6/_weakrefset.py:36(__init__)
26,0.000,0.000,0.000,0.000,{method 'rpartition' of 'str' objects}
38,0.000,0.000,0.000,0.000,{method 'getrandbits' of '_random.Random' objects}
5,0.000,0.000,0.000,0.000,/usr/lib/python3.6/pathlib.py:674(_format_parsed_parts)
2,0.000,0.000,0.000,0.000,<frozen importlib._bootstrap_external>:840(path_stats)
2,0.000,0.000,0.000,0.000,<frozen importlib._bootstrap>:318(__exit__)
2,0.000,0.000,0.000,0.000,<frozen importlib._bootstrap_external>:85(_path_is_mode_type)
31,0.000,0.000,0.000,0.000,{method 'rstrip' of 'str' objects}
1,0.000,0.000,0.000,0.000,/usr/lib/python3.6/multiprocessing/synchronize.py:371(Barrier)
2,0.000,0.000,0.000,0.000,/home/harry/.local/lib/python3.6/site-packages/rl_agents/configuration.py:80(serialize)
1,0.000,0.000,0.000,0.000,/usr/lib/python3.6/multiprocessing/connection.py:173(close)
3,0.000,0.000,0.000,0.000,/usr/lib/python3.6/json/encoder.py:259(_make_iterencode)
4,0.000,0.000,0.000,0.000,/usr/lib/python3.6/logging/__init__.py:471(__init__)
3,0.000,0.000,0.000,0.000,/usr/lib/python3.6/logging/__init__.py:823(setLevel)
12,0.000,0.000,0.000,0.000,/usr/lib/python3.6/pathlib.py:1008(_init)
8,0.000,0.000,0.000,0.000,/usr/lib/python3.6/weakref.py:334(__new__)
8,0.000,0.000,0.000,0.000,/usr/lib/python3.6/weakref.py:339(__init__)
1,0.000,0.000,0.000,0.000,{method 'close' of '_io.BufferedWriter' objects}
4,0.000,0.000,0.000,0.000,{built-in method _locale.nl_langinfo}
14,0.000,0.000,0.000,0.000,/usr/lib/python3.6/logging/__init__.py:228(_releaseLock)
3,0.000,0.000,0.000,0.000,/usr/lib/python3.6/logging/__init__.py:800(createLock)
3,0.000,0.000,0.000,0.000,/usr/lib/python3.6/logging/__init__.py:1456(addHandler)
1,0.000,0.000,0.000,0.000,/home/harry/.local/lib/python3.6/site-packages/tensorboardX/record_writer.py:43(directory_check)
5,0.000,0.000,0.000,0.000,/usr/lib/python3.6/weakref.py:153(__contains__)
4,0.000,0.000,0.000,0.000,/usr/lib/python3.6/codecs.py:185(__init__)
4,0.000,0.000,0.000,0.000,<frozen importlib._bootstrap_external>:63(_path_split)
2,0.000,0.000,0.000,0.000,/usr/lib/python3.6/logging/__init__.py:885(close)
2,0.000,0.000,0.000,0.000,<frozen importlib._bootstrap_external>:524(spec_from_file_location)
1,0.000,0.000,0.000,0.000,/usr/lib/python3.6/multiprocessing/queues.py:34(Queue)
1,0.000,0.000,0.000,0.000,/usr/lib/python3.6/multiprocessing/connection.py:360(_close)
1,0.000,0.000,0.000,0.000,/home/harry/.local/lib/python3.6/site-packages/gym/core.py:242(close)
2,0.000,0.000,0.000,0.000,<frozen importlib._bootstrap>:151(__exit__)
1,0.000,0.000,0.000,0.000,{built-in method posix.pipe}
1,0.000,0.000,0.000,0.000,{built-in method now}
2,0.000,0.000,0.000,0.000,/usr/lib/python3.6/logging/config.py:374(__init__)
17,0.000,0.000,0.000,0.000,/usr/lib/python3.6/typing.py:889(__extrahook__)
9,0.000,0.000,0.000,0.000,/usr/lib/python3.6/pathlib.py:89(join_parsed_parts)
3,0.000,0.000,0.000,0.000,/usr/lib/python3.6/weakref.py:251(popitem)
2,0.000,0.000,0.000,0.000,/usr/lib/python3.6/posixpath.py:64(isabs)
4,0.000,0.000,0.000,0.000,<frozen importlib._bootstrap_external>:52(_r_long)
6,0.000,0.000,0.000,0.000,<frozen importlib._bootstrap>:847(__exit__)
2,0.000,0.000,0.000,0.000,<frozen importlib._bootstrap>:78(acquire)
2,0.000,0.000,0.000,0.000,<frozen importlib._bootstrap>:103(release)
2,0.000,0.000,0.000,0.000,<frozen importlib._bootstrap>:176(cb)
1,0.000,0.000,0.000,0.000,{built-in method posix.close}
3,0.000,0.000,0.000,0.000,{built-in method _struct.pack}
1,0.000,0.000,0.000,0.000,/usr/lib/python3.6/multiprocessing/synchronize.py:46(SemLock)
2,0.000,0.000,0.000,0.000,/usr/lib/python3.6/logging/config.py:282(valid_ident)
1,0.000,0.000,0.000,0.000,/home/harry/.local/lib/python3.6/site-packages/gym/wrappers/monitor.py:216(_env_info)
1,0.000,0.000,0.000,0.000,/usr/lib/python3.6/logging/__init__.py:1467(removeHandler)
1,0.000,0.000,0.000,0.000,/home/harry/.local/lib/python3.6/site-packages/gym/core.py:213(__init__)
1,0.000,0.000,0.000,0.000,/usr/lib/python3.6/threading.py:966(_stop)
1,0.000,0.000,0.000,0.000,/usr/lib/python3.6/_weakrefset.py:38(_remove)
2,0.000,0.000,0.000,0.000,<frozen importlib._bootstrap>:58(__init__)
14,0.000,0.000,0.000,0.000,<frozen importlib._bootstrap>:222(_verbose_message)
24,0.000,0.000,0.000,0.000,{method 'bit_length' of 'int' objects}
12,0.000,0.000,0.000,0.000,{method 'reverse' of 'list' objects}
1,0.000,0.000,0.000,0.000,{built-in method _socket.gethostname}
3,0.000,0.000,0.000,0.000,{built-in method _weakref._remove_dead_weakref}
2,0.000,0.000,0.000,0.000,/usr/lib/python3.6/multiprocessing/connection.py:117(__init__)
29,0.000,0.000,0.000,0.000,/usr/lib/python3.6/json/encoder.py:353(<lambda>)
4,0.000,0.000,0.000,0.000,/usr/lib/python3.6/logging/__init__.py:384(__init__)
8,0.000,0.000,0.000,0.000,/usr/lib/python3.6/multiprocessing/util.py:48(debug)
1,0.000,0.000,0.000,0.000,/home/harry/.local/lib/python3.6/site-packages/gym/utils/closer.py:40(generate_next_id)
3,0.000,0.000,0.000,0.000,/usr/lib/python3.6/threading.py:74(RLock)
2,0.000,0.000,0.000,0.000,/usr/lib/python3.6/threading.py:1136(daemon)
31,0.000,0.000,0.000,0.000,/usr/lib/python3.6/_collections_abc.py:392(__subclasshook__)
57,0.000,0.000,0.000,0.000,{method 'remove' of 'set' objects}
4,0.000,0.000,0.000,0.000,{method 'write' of '_io.BufferedWriter' objects}
10,0.000,0.000,0.000,0.000,{built-in method _thread.allocate_lock}
3,0.000,0.000,0.000,0.000,{built-in method builtins.__import__}
3,0.000,0.000,0.000,0.000,/usr/lib/python3.6/multiprocessing/synchronize.py:90(_make_methods)
2,0.000,0.000,0.000,0.000,/home/harry/.local/lib/python3.6/site-packages/highway_env/envs/common/abstract.py:264(close)
3,0.000,0.000,0.000,0.000,/usr/lib/python3.6/multiprocessing/context.py:196(get_start_method)
1,0.000,0.000,0.000,0.000,/usr/lib/python3.6/multiprocessing/context.py:232(get_context)
2,0.000,0.000,0.000,0.000,/usr/lib/python3.6/logging/__init__.py:1280(setLevel)
2,0.000,0.000,0.000,0.000,/usr/lib/python3.6/pathlib.py:777(name)
2,0.000,0.000,0.000,0.000,/usr/lib/python3.6/threading.py:251(_acquire_restore)
8,0.000,0.000,0.000,0.000,<frozen importlib._bootstrap>:321(<genexpr>)
2,0.000,0.000,0.000,0.000,<frozen importlib._bootstrap>:780(find_spec)
2,0.000,0.000,0.000,0.000,<frozen importlib._bootstrap_external>:393(_check_name_wrapper)
10,0.000,0.000,0.000,0.000,{built-in method _imp.release_lock}
2,0.000,0.000,0.000,0.000,{built-in method builtins.repr}
1,0.000,0.000,0.000,0.000,/usr/lib/python3.6/multiprocessing/queues.py:311(SimpleQueue)
1,0.000,0.000,0.000,0.000,/usr/lib/python3.6/multiprocessing/synchronize.py:210(Condition)
3,0.000,0.000,0.000,0.000,/usr/lib/python3.6/logging/__init__.py:685(__init__)
3,0.000,0.000,0.000,0.000,/usr/lib/python3.6/logging/__init__.py:1091(stream)
5,0.000,0.000,0.000,0.000,/usr/lib/python3.6/threading.py:506(is_set)
2,0.000,0.000,0.000,0.000,/usr/lib/python3.6/threading.py:1120(daemon)
1,0.000,0.000,0.000,0.000,/usr/lib/python3.6/weakref.py:143(__delitem__)
2,0.000,0.000,0.000,0.000,<frozen importlib._bootstrap_external>:825(get_filename)
2,0.000,0.000,0.000,0.000,<frozen importlib._bootstrap_external>:1080(_path_importer_cache)
2,0.000,0.000,0.000,0.000,<frozen importlib._bootstrap>:311(__enter__)
2,0.000,0.000,0.000,0.000,<frozen importlib._bootstrap>:369(__init__)
6,0.000,0.000,0.000,0.000,<frozen importlib._bootstrap>:843(__enter__)
2,0.000,0.000,0.000,0.000,<frozen importlib._bootstrap>:35(_new_module)
2,0.000,0.000,0.000,0.000,{method 'setter' of 'property' objects}
3,0.000,0.000,0.000,0.000,{method 'popitem' of 'dict' objects}
9,0.000,0.000,0.000,0.000,{method '__subclasshook__' of 'object' objects}
1,0.000,0.000,0.000,0.000,{built-in method atexit.register}
1,0.000,0.000,0.000,0.000,{built-in method _stat.S_ISDIR}
10,0.000,0.000,0.000,0.000,{built-in method _imp.acquire_lock}
2,0.000,0.000,0.000,0.000,{built-in method _imp.is_frozen}
2,0.000,0.000,0.000,0.000,{built-in method _imp._fix_co_filename}
2,0.000,0.000,0.000,0.000,{built-in method builtins.setattr}
1,0.000,0.000,0.000,0.000,/usr/lib/python3.6/multiprocessing/synchronize.py:123(Semaphore)
1,0.000,0.000,0.000,0.000,/usr/lib/python3.6/multiprocessing/synchronize.py:159(Lock)
1,0.000,0.000,0.000,0.000,/usr/lib/python3.6/multiprocessing/synchronize.py:184(RLock)
1,0.000,0.000,0.000,0.000,/usr/lib/python3.6/multiprocessing/synchronize.py:332(Event)
1,0.000,0.000,0.000,0.000,/usr/lib/python3.6/multiprocessing/queues.py:269(JoinableQueue)
2,0.000,0.000,0.000,0.000,/home/harry/.local/lib/python3.6/site-packages/rl_agents/trainer/monitor.py:74(monitor_id)
4,0.000,0.000,0.000,0.000,/home/harry/.local/lib/python3.6/site-packages/rl_agents/agents/simple/open_loop.py:44(save)
1,0.000,0.000,0.000,0.000,/home/harry/.local/lib/python3.6/site-packages/rl_agents/agents/common/abstract.py:86(set_writer)
1,0.000,0.000,0.000,0.000,/usr/lib/python3.6/multiprocessing/connection.py:130(__del__)
1,0.000,0.000,0.000,0.000,/home/harry/.local/lib/python3.6/site-packages/gym/logger.py:20(debug)
3,0.000,0.000,0.000,0.000,/usr/lib/python3.6/logging/__init__.py:870(setFormatter)
1,0.000,0.000,0.000,0.000,/home/harry/.local/lib/python3.6/site-packages/tensorboardX/writer.py:111(get_logdir)
1,0.000,0.000,0.000,0.000,/home/harry/.local/lib/python3.6/site-packages/tensorboardX/event_file_writer.py:115(get_logdir)
1,0.000,0.000,0.000,0.000,/usr/lib/python3.6/multiprocessing/util.py:44(sub_debug)
6,0.000,0.000,0.000,0.000,/home/harry/.local/lib/python3.6/site-packages/tensorboardX/record_writer.py:198(u32)
2,0.000,0.000,0.000,0.000,/home/harry/.local/lib/python3.6/site-packages/tensorboardX/crc32c.py:108(crc_finalize)
2,0.000,0.000,0.000,0.000,/home/harry/.local/lib/python3.6/site-packages/gym/logger.py:13(set_level)
1,0.000,0.000,0.000,0.000,/usr/lib/python3.6/threading.py:727(_newname)
2,0.000,0.000,0.000,0.000,<frozen importlib._bootstrap_external>:669(create_module)
2,0.000,0.000,0.000,0.000,<frozen importlib._bootstrap>:143(__init__)
1,0.000,0.000,0.000,0.000,{method 'discard' of 'set' objects}
1,0.000,0.000,0.000,0.000,{method 'remove' of 'list' objects}
1,0.000,0.000,0.000,0.000,{method 'locked' of '_thread.lock' objects}
1,0.000,0.000,0.000,0.000,{method 'clear' of 'collections.deque' objects}
1,0.000,0.000,0.000,0.000,/usr/lib/python3.6/multiprocessing/synchronize.py:142(BoundedSemaphore)
1,0.000,0.000,0.000,0.000,{method 'disable' of '_lsprof.Profiler' objects}
1,0.000,0.000,0.000,0.000,/home/harry/.local/lib/python3.6/site-packages/gym/wrappers/monitor.py:124(<listcomp>)
3,0.000,0.000,0.000,0.000,/usr/lib/python3.6/multiprocessing/context.py:186(get_context)
2,0.000,0.000,0.000,0.000,/usr/lib/python3.6/logging/__init__.py:1838(getLogger)
2,0.000,0.000,0.000,0.000,<frozen importlib._bootstrap_external>:800(__init__)
2,0.000,0.000,0.000,0.000,<frozen importlib._bootstrap>:307(__init__)
2,0.000,0.000,0.000,0.000,<frozen importlib._bootstrap>:424(has_location)
2,0.000,0.000,0.000,0.000,<frozen importlib._bootstrap>:707(find_spec)
2,0.000,0.000,0.000,0.000,<frozen importlib._bootstrap_external>:41(_relax_case)


